,errands_car,errands_no_car,shopping_car,shopping_no_car,commuting_car,commuting_no_car,education_car,education_no_car,leisure_car,leisure_no_car,accompany_car,accompany_no_car,business_car,business_no_car
83110000,3.105162671812448,3.9260835927533986,3.8291273662918313,3.958047937189706,2.589797564300456,1.3862943611198906,3.129957337610706,2.5379630804231166,2.1025706073963373,1.6062413526483008,3.5293559275777056,,1.9869539931234497,1.7566304328732902
66330026,2.709110914208881,,3.086197740093166,,2.6435736944528663,,2.6481042516952265,,1.7624611093777094,,4.259810525841189,,,
82220000,3.6317908276364466,5.6202063415217065,4.495865141591093,6.135570093112938,2.877732309610696,1.3862943611198906,3.2688374608041,2.4051926761506928,2.1851378560450834,1.7796553281360543,3.8663235611915345,2.7147499393881893,1.9978843456160884,
91620000,3.2661003561549498,3.814802393209701,3.9466599202220474,5.237444113943194,2.5613299793298387,1.3862943611198937,3.004960683900669,2.5492278747735826,2.1156296062941267,1.6782542430077194,3.557805072041423,2.7556215688892625,1.9423663945381786,1.9526318319416356
31590017,3.5471997824818886,,3.806480154942067,,3.346147672245865,,4.812430145750872,,2.086408319014744,,4.400621625350746,,1.8452767686478402,
130750005,6.297579844610633,,8.662517792003106,,,,,,2.8956591537148633,,6.0093935693198794,,,
53340002,3.689036597860148,4.575939686093625,4.910449677719211,6.363666312867614,2.788785916769659,1.3862943611198906,3.5393745818020514,1.8947558468846748,2.231917841503261,1.6216414003048718,3.888564435035703,3.2418670710931634,2.0580036136247846,1.5409908617040313
81365007,3.7448420231984136,,4.481503846766727,,2.8492499017334287,,3.0696546794486546,,2.13897047806406,,3.3873281999011575,,,
57740032,3.4671757618935874,4.309818228855384,4.369232930854319,,2.8422891970383777,1.3862943611198906,3.3435885453141028,,2.0734501540928574,1.7711757586513261,3.608282512887679,,1.8566700106636964,
59780020,3.7627585352795743,4.390643430341704,4.386130783669025,,2.663610565875913,,2.6610949972380817,,2.138486519960895,,3.4941100491852692,,,
59780004,4.528894848495354,,5.871058169839311,,2.9110473534885446,,4.048526509984249,,2.352986180730586,,4.849995262857957,,,
120600269,3.9412129281381594,,5.197090894031855,,4.039008481896326,,2.8815313341859983,,2.224796105787079,,4.104332405848242,,,
84355002,3.1541732095191124,4.986868892600577,4.305544869325076,6.969869779631709,2.9050973870789285,1.3862943611198906,3.1552280077356887,,2.1140200127329813,1.7851522709680983,3.698821940110077,,1.9246810696053611,2.1803916345352703
95640000,3.363662467844035,3.9050580514754754,4.201775482731268,5.021992222729931,2.674026310129238,1.3862943611198897,3.1309034441409587,2.4164617652178078,2.111478918768218,1.6523750336934206,3.735807249074732,2.709740860294632,1.9983246030833648,1.5653535258886841
146120000,3.303977239561675,3.7657464042539113,3.983623292605935,4.986526661308081,2.7305859272818,1.3862943611198906,3.1741326453950123,,2.1370545445578992,1.6263716990563168,3.963929471022906,3.057105676589558,2.0599517203637556,
53150000,3.6011831313100044,4.068402397442956,4.355696381840402,4.942039325243642,2.756389251145031,1.3862943611198923,3.184679474574753,2.4544156933394707,2.1869186668910023,1.6714041773439465,3.7657401041825627,3.0846008202844937,1.9953635854996437,1.9338732249575674
91760139,6.090047078432489,,8.579725166965785,,4.306820474157869,,,,2.785211321249527,,5.884639017559792,,,
120720002,5.087524460884445,,8.115709837762916,,3.4173873904381376,,,,2.8493358394406427,,4.8841309660940295,,2.334623418441618,
55620032,3.0026047593988534,,4.932503582491097,,2.8817948604068615,,,,2.3163560935235497,1.5525950754869875,3.6335736814186514,,2.003790965368205,
40110000,3.4991653738308357,4.424846762678714,4.561823709282899,5.6572614211389265,2.9061513385207567,1.3862943611198906,3.693640869122599,2.5242736035011677,2.2601168986819875,1.6558971109237042,3.8526847259712103,2.354012349403185,2.0469991386653845,1.9853513161750418
59660004,3.4137198907329225,,5.395771011209621,,2.839508331208372,,3.0119354622775316,,2.1282200876073545,,3.3107981226861627,,,
33550022,3.3839910210082316,3.540782513096506,4.7167749577657165,5.483621360156266,3.192714791182903,1.3862943611198906,3.0689124031468036,2.342174238776278,2.1043584385136467,1.547529586953972,3.969851664682724,,1.9409767173299965,2.2790051859859717
130040000,3.602468460041165,4.440143681240956,4.478853859583487,7.419856525877681,3.202761042651176,1.3862943611198906,2.903770520060043,3.157959338482775,2.161063161744329,1.7430656574588483,4.0018162202840895,3.2494602632972898,1.9039619809445263,1.940712984646227
64120000,3.2588257360912176,3.957824411051112,4.034825769308641,5.394700754384185,2.5479335393003977,1.3862943611198915,2.938071899528738,2.261119339764763,2.0832019921597094,1.6179837540339597,3.7442343100687223,2.669811859723791,1.9561476764158794,1.8280474558938389
64140000,3.365716111721056,5.0420369817076365,4.300017322272319,5.784228475310479,2.6723221444238714,1.3862943611198906,3.3249140716818046,3.275190232274673,2.155556673585238,1.8206607958422534,3.825031465718361,3.4799526353398615,1.9173890416068526,
20000000,3.6338296979187246,4.238918072166739,4.474097689915448,5.688931489553068,2.7442685432082294,1.3862943611198937,3.2454894946260073,2.456331972281768,2.2274199513174415,1.7286990716237667,3.8315736368721343,2.8215170095073656,2.053728214018922,2.0008568560014828
66350015,4.0869603681105104,,5.208165549603668,9.984846616228166,3.3158866950667707,,3.6863689991241015,,2.3543704185723424,,3.646310545890147,,1.8062955606054238,
96750141,3.2985358638148097,,4.341498872730269,,3.3193333051230316,,2.8146281236160737,,2.0234559870443185,1.7001993835184135,4.042434064381806,,,
57110000,3.626634548549185,3.9310740122145456,4.584377053501898,5.9107618951958285,2.744822166177064,1.3862943611198906,2.6986562066475996,2.0731436402560437,2.233011270851018,1.9092136455435573,3.7172889602761656,3.186708743487536,1.9899255846710393,
120680320,3.3191201029658384,,4.666406959477644,,3.4036243206191568,,2.428503848960912,,2.19218267644287,,3.8348915373723202,,2.8193138866638194,
32410020,2.8909412688791933,,4.121166791553232,,2.9132535836684834,,3.640822344675461,,2.1171475698758466,,3.062933696045386,3.504786486394638,,
53140000,3.1810670958248006,3.2394956458241326,3.9301415787527145,5.380042660338379,2.643748433777232,1.386294361119889,2.943540184370849,1.9113412478170986,2.0869100797579994,1.688672513240989,3.5172857625205705,3.3020246294344786,1.9328248586535883,1.8250233287763364
160710003,3.833980713613944,,4.031071713253237,,3.0845947139949623,,4.5917542122297,,2.1019091202968587,,4.239026875296946,,2.169132227886353,
81210000,3.0249671324905822,3.1655934250566315,3.572048756613537,,2.7092139872007484,1.3862943611198906,2.864774739433444,2.6035119480169024,2.0536161114796925,,3.3617031055427593,,1.7774738132314887,
93610000,3.2837606329103757,2.720833384353941,4.30430462795816,,3.210696504432429,,2.7918238089197707,,1.979012813725254,,3.5475890836074355,,1.9799923793140926,
91750115,4.0992227548645035,,4.066943444402402,,2.6907156784522024,,2.647614467782571,,1.989701881442498,,3.579044597613463,,1.7738660692472734,
82150017,2.7357704811542,,3.0859532694377187,,3.5288082002995407,,,,2.116661535482949,,,,2.6476468956112447,
91730118,6.503963274156763,,8.821883045588581,,3.8598064999818633,,5.24950681570654,,,,4.70660895354679,,,
82310000,2.9699286499229824,4.66072761621246,3.7244884104936458,4.510580538409168,2.6443696619281747,1.3862943611198906,2.663270153277586,,2.030102655383309,1.5291318558031457,3.3100355260939427,,1.7804740484267303,
91890155,3.3410528569135733,,4.375410892254141,,3.6225057499800704,,,,1.9551218511274964,,3.4569204383464065,,,
91795131,4.335261595809352,,6.323123719693777,,2.94139069778371,,2.6292958727569875,,1.9562995152814968,,3.624959235286064,,,
10535318,4.0121797994486705,,5.544246363441794,6.407629499853394,3.2738217018822775,,3.546391544211775,,2.3548234860356367,,4.839840096175962,,1.925345795631666,
10530116,2.794332194404818,,3.248784099374084,,3.4410673195334582,,,,1.8206516379244455,,3.754058902327943,,,
71110000,3.1643004295674078,2.945896951867086,4.017222434844272,4.885610685694936,2.7261104601729933,1.3862943611198906,2.8257368527789226,,2.0350069335820598,1.6608789257418788,3.3538505708042283,,1.8896081670597242,
150820377,,,7.699041594169511,,,,,,,,,,,
65340018,2.678081559830389,,3.8557977689779737,,3.1953858074095045,,4.226661310193491,,2.1530522431563934,,4.481393997055874,,,
96755619,5.932686691465872,,8.452643729237034,,3.919804101512448,,5.091042413596813,,3.037047703835893,,5.004131426188358,,2.3687048270002666,
64400021,,,5.524472373554003,,,,,,,,,,,
10535391,6.169358117162893,,7.750413424018159,,3.5246214608521624,,4.881121946808083,,2.8622529124645397,,6.043699026118506,,,
53780004,3.7832918934371227,2.653945025937371,4.771168939716596,,2.8655484704650442,1.3862943611198906,2.977513683108701,,2.1500414791381335,1.6000204346979539,3.7551284612616156,,2.0075992108484995,
81155005,,,6.422346878855296,,,,,,,,,,,
146280360,,,,,,,,,2.63561223353861,,,,,
84355007,3.948362636117485,,5.023434022481728,4.777514990394541,3.0711796465564745,1.3862943611198906,4.3236644627635,3.62753300396709,2.214054318940252,2.073272284894989,4.372196993982232,,2.117829098863006,
95710145,6.300508648299832,,8.440703939714611,,3.752733949559432,,5.467327267584999,,2.993990645614614,,6.101093414821613,,2.5343865235038496,
110000000,3.4634090940407223,4.264397806538641,3.990037612756024,4.8961290155812245,2.776342881324134,1.3862943611198923,3.1570672904218977,2.597997219127851,2.190697391300324,1.6956452390680974,3.5808698358222775,2.366593636705103,2.004060144103641,2.037810237561774
33560007,2.922812739523776,,4.826087139855035,,2.6746192416045464,,,,2.0054838440348908,,,,1.6261349761230872,
160685006,5.348571402538342,,8.810232166586738,,3.6349769588086858,,4.065542505430202,,2.932562972122688,,6.6308316833235095,,2.632542859767442,
10030000,3.706572022700517,5.676425704474863,5.125533124179908,6.646363143278498,2.99938233149166,1.3862943611198906,3.461016888725319,2.3796607539185706,2.2302236900972625,1.7397450301909865,4.106849083401255,3.8190427154825617,1.9970747672466622,
91610000,3.668195803533966,4.259177450613643,5.003215912550064,7.66792702544694,2.870496202557857,1.3862943611198906,3.358105155361259,,2.166481007581619,1.72449104970449,4.093289625021985,,1.9149498799556481,
10560015,3.50897419728512,,4.126658378427995,7.623493449892461,2.677990686597842,,2.437556565885438,,2.097470786212273,1.44444104474557,3.046512017791655,,1.718193883676014,
53580008,3.0149994528637527,2.3862692993520054,3.757620674715848,,2.8175627343599063,,2.630329542225368,,2.057566467350707,1.5401813593232456,3.7832748764102493,,1.9181540599468707,
83365003,2.5938886072676786,,3.3998665477044137,2.6185730050497735,2.59208601665107,1.3862943611198906,2.3540466909170443,,1.8648664263422736,1.3862943611198906,3.3515879955514296,,1.9627760099981837,
59620032,3.1615522329555157,,5.304280032783937,,2.702219973090649,,3.836930850306612,,1.8498634937865326,,3.8091035557745423,,2.1472429360591745,
66110000,3.1980119781406136,3.5979119675441518,3.9013904725403306,4.796709856245337,2.645056716498903,1.3862943611198892,2.8791041234377888,1.9300959393461141,1.9843742948675995,1.6267912158446567,3.276137772347898,2.9301081321464366,1.8650466931395557,2.1804852481329338
66320003,3.3974251819467995,,5.101627380642524,,3.295263766787362,,2.3965223227272894,,2.3483849617046073,,3.9269310965919737,,,
83260052,3.39760602871025,,3.514094248517221,,2.6747353990441707,1.3862943611198906,,,1.7872825702248194,,3.6264604541867893,,,
73320025,3.1506289535477534,,3.8023015246307317,,2.9364947638627035,,,,,,3.9100820145067297,,,
81110000,3.2807948748429148,4.178202105241393,3.8434196558334803,4.222490866755137,2.568469506888128,1.38629436111989,2.963607004120841,2.553460190855482,2.106970078932821,1.708924710587274,3.4546260111134837,2.830155493558334,1.9653178911753504,2.272434677745134
91780145,3.586832842640622,2.5504253944752038,4.398753397089024,,3.2043790040589877,,3.3015917769743743,,2.1737829118026526,,3.301250239737694,,,
59150000,4.262679293913218,3.2928731702120775,5.630159620561455,,3.14020152089306,,3.163301994984377,3.8650756523551486,2.3426184696951444,1.9635276467294522,3.8238529438856506,,2.137863816304912,
83360091,2.6993984914294815,,3.0800252137146025,,2.611652456354634,,3.654282210728423,,1.8515266519031466,,3.1526208580108896,,,
96760139,2.893974701327282,,3.662510400211642,,2.8123529491396297,,2.281350069999836,,2.1101956981206325,,,,2.2155434517320685,
95630000,3.0812159317942776,3.3714737497486906,3.6050519005426853,5.50353984340186,2.7058658549881867,1.3862943611198906,2.7724590916631473,,1.9313690490342106,1.6020961131557057,3.3741527606209987,,1.7783950407414912,
84160041,3.3174828540551107,2.6027462726711823,3.7420435874037197,4.693702507382899,2.6893221001887295,1.3862943611198906,2.7992470933453655,,2.0840516786051886,1.4967027444536236,3.6477650172834073,,2.004262167396497,1.4531359653103437
97610000,3.5075431829568213,3.5568960368992544,4.56782939385393,5.330858104673871,2.7508840667134056,1.3862943611198906,3.1560830534918916,2.266646466134969,2.140539348820236,1.6522030179753955,3.7949456207572307,1.9213050296081946,2.0830704650179888,
96760145,2.738042104183348,,3.6539832356576,,2.74426483430067,,,,2.0782822363981883,,3.1059992335057016,,1.769862909003221,
71330006,2.964310716276719,2.5504253944752038,3.4261540489072337,,2.80413606052681,1.3862943611198906,2.5423650893896927,,2.0665723965667295,,3.147197829722794,,2.0130874625722375,
96610000,2.9091773724039154,3.0892383141367397,3.6325060483006433,3.5271335546733376,2.7092509848263764,1.3862943611198906,2.6661480888365023,,1.9255414971687634,1.4990746992043986,3.3447915461286764,,1.795047931821685,
51660032,2.8605119945866266,,4.415560247045376,,,,2.9576309145021593,,2.224135807519213,,3.6806328332844442,,,
96785642,5.985062437583915,,8.092792638259535,,3.5312079493081314,,5.429774211772894,,2.964441327459271,,6.237358310042449,,2.2512191513836886,
53340012,3.1611499716259734,2.2527296463398723,3.9376795416375816,2.436232669009464,2.897652855831883,,3.1248160945734362,,1.9958491655229105,1.443523499554975,3.6850112748995962,,1.8106334922330487,
94710159,5.678307472863171,,8.563335984773605,,3.736125585810782,,5.329199906296797,,2.833027606432951,2.578832682014643,6.0849404107377785,4.925989621914804,2.510813105297076,
93620000,3.4937974708268165,3.1285279106120836,4.506517784619136,5.78388361006325,2.806092969988825,1.3862943611198906,3.1722980110988073,2.635738606645407,2.1034484680194283,1.6839334971473754,3.744540455524642,1.8315788763241903,1.869077715799257,1.815906696299896
95610000,3.3522671364446968,6.070748534973506,4.361534398160426,5.570596174462175,3.267596811493088,,3.1118628465614364,,2.1175559639275585,1.417326705556442,3.7541851233040338,,1.9413951948411288,1.7671400995958813
93760161,3.0226848165607447,,5.100789227349366,,3.2666887237904296,,2.4312946650382314,,2.4336642780815816,,4.847926421769703,,2.014826761600926,
94620000,3.3754741114749947,,4.916969972742654,3.705189487065361,3.102838666909607,,3.5417543447345525,,2.176218282541071,,4.092928017452506,,1.6802799400639985,
91790121,2.8624251864794457,2.915052140247396,3.4939505752228737,5.249720064561213,2.771092312683777,1.3862943611198906,2.8182026446116986,,1.9189699856688576,1.6708752723960356,3.013359830835787,,1.709912022423366,
55150000,3.756709665912028,5.7723288008964335,4.569147477877089,6.449793973981059,2.895137369800798,1.3862943611198906,3.5877652426950584,2.5380738149166873,2.221394858775747,1.7517918967300874,4.104511747554173,,2.2397032841512003,1.4660385303850203
93745323,6.145023046966512,,8.620409096625266,,4.032441346676071,,5.133951339951796,,2.5186383529175083,,6.642739054134192,,,
57540028,3.0937357016187033,,4.291296622211296,,2.855099077372417,,2.411572236421559,,1.9759924615044198,,3.1919336720096223,,1.8492456708321845,
59700040,3.2126900598299826,,4.042161776923741,,2.7115993397216176,1.3862943611198906,2.7701328634252094,,2.049076916115951,,3.4292509774419875,,1.923269156070641,1.7057403426420499
93730167,7.323096477892401,,10.163098106466746,,4.409788714711045,,6.554350323605457,,3.1726675528126975,,7.987417781121703,,2.783855718680334,
91850149,3.273237569191427,,4.495701335133126,,3.3443951623197723,,2.80099794507664,,2.0464152652916248,,4.229465076776633,,,
73385008,4.145410734803917,,5.312388031909648,,3.1872997469804654,,,,2.393374735246509,,5.777180940609545,,,
53700016,3.833000731935287,,4.287952385560819,,3.0813686029270237,,3.1271082068916907,,2.138852441393433,,3.8909783666349846,,2.009853896792166,
82150108,2.8512337498620743,,2.838705230072968,,2.664790946384875,,2.318819035598291,,1.8903610755601552,,3.11050873802236,,1.6433616973987188,
53620012,2.9482497006928736,5.087844288766513,3.5762771878991364,5.1199032482201225,2.941396577948919,1.3862943611198906,2.9310631189284213,,2.017768047170596,2.0863036948588465,3.3065863060195184,,1.7300674720304048,
57700020,3.5867250068570766,,4.020070414717472,,3.0483381634991735,,4.098683411095988,,2.2698817283707857,,4.675111224637621,,,
150020000,3.0589983780588406,8.025154522701625,4.005078420018962,6.6605604877764195,2.8772960654487183,1.3862943611198906,2.5466759550591287,2.6608100883439127,2.031910549683946,1.5954822758884548,3.6294823506516893,,1.9023576369848678,1.9193197487241274
57540008,3.2013250074088746,,4.100273850665114,,2.8965017873274372,,3.9520762488441328,,2.167584363036123,1.7431040539056617,3.762773501789787,2.9480936399536635,1.8168759873558793,
33520011,4.25988696261207,4.378043466699895,5.94068930226723,4.913667861507593,3.3608098808802795,1.3862943611198906,4.7725373071532875,,2.3641538224834786,,4.687381298949573,,2.0781311351446443,1.4548526291992483
64320004,2.8954685859593337,,3.27811357500635,3.8415294674932357,3.261024359392994,,2.1593049204167665,2.229390365536533,1.8650561402870898,,2.9323408415138505,1.905188760174561,1.7213075262116828,
73315006,4.142238298456339,,5.994513833905828,,3.303019505762628,,3.900868812758655,,2.3188837244484293,,3.517679972284207,,,
32410016,3.8357835337023243,,5.345423150513555,4.13097312147362,3.0656669070605935,,4.025658203951151,,2.3328852191796976,,5.417660615278549,,,
66350002,4.339839570077667,,5.08976024972063,,3.305499062550138,,2.900963908401855,,2.5161467688888792,1.531857460234148,5.448657704684689,,2.0448117575820546,
81180048,3.178276070704368,3.91951624983703,3.932480289061465,4.737943975710472,2.777138927631379,1.3862943611198906,3.4613398160234277,2.3645317081993236,2.0235010694131996,1.4413266313773931,3.693232884282508,2.188366775542967,1.8746538012469434,1.69964641355192
96630000,3.7971743341204087,3.3625383195303553,5.062319546092156,5.502170129604212,2.7827065565450524,1.3862943611198906,3.2167567660284844,2.1721154849160724,2.2102328283861876,1.5751010014881113,3.8531284815439606,,2.032296114623265,
82265002,3.5470499726206217,,2.7957384009308206,,2.640495171988775,,,,2.2307137859434794,,3.558261570886611,,,
95620000,3.612392169109217,3.4630992181304237,4.384604582203847,4.766778708780938,2.8478290113142744,1.3862943611198906,3.4044450150974197,2.6293855300530464,2.1427999687975,1.631730495788467,3.771555553611025,3.4789143586472946,1.965352649374876,1.5827854371245111
81195001,,,4.687486014042797,,2.82567882782468,,,,1.9710574219017623,,3.618401277613081,,1.9915997648177346,
53820060,3.987282656489386,4.5230384897519995,5.127008806939946,4.555024493509797,3.345858856620396,,2.9585801055734575,,2.2206283354532492,1.531593786233718,3.782144922506426,,,
160510000,3.4856825536357614,4.156736927745061,4.848668317505351,5.4568362573177,2.786711308909787,1.3862943611198906,3.424775523572045,,2.206817129816975,1.5919307439597128,3.881964940912453,,2.1838995696548125,
95730134,2.835808477877665,,3.4539355417324815,,2.8089576030840084,,3.918179127503199,,2.0804744058847615,,3.969391825336244,,,
92790113,,,,,,,,,3.397504194154122,,,,,
51240000,3.373101150477558,3.601248017481452,4.028642809059586,3.9803415186179154,2.6674697207076856,1.3862943611198906,2.92376658355668,2.364873040202743,2.0948049720824966,1.607164706470117,3.6244985153574314,1.7754197626690356,1.8855219756173658,1.905434705310256
64400016,2.91703280609221,,3.8121326984238735,,2.9163825226146294,,,,1.856370507565549,,,,1.9177792515648742,
145110000,3.1907241883022186,,4.1822537136118925,4.932813781359732,2.8817567329677147,,2.8829955045911633,,2.1807935173072135,1.4797122808548333,3.416127280698738,2.8357216681620936,2.020440649858353,
145230200,6.259389644567952,,7.958666540152766,,3.6913742973741557,,,,2.6426967664695384,,5.311177885689847,,,
51540036,3.596899458347261,2.653945025937371,4.981096822531871,,2.7892326833388696,1.3862943611198906,3.46357669637596,,2.177393772955161,1.6054921369686896,3.57103350214024,,2.0542056398682207,2.3192985344442514
81255008,2.3842795821237868,,5.094878786968857,,2.190825701430203,,,,1.8211014437672213,,,,1.9494307454738509,
53160000,3.4123148962886716,3.603535316324254,4.7889348013218145,4.918496696295716,2.7815626516367646,1.3862943611198906,2.6484109963459073,2.246555541884094,2.238288418802065,1.6650626958218548,3.7028105611354776,2.9328265365558512,1.9834617318597665,
65310016,2.98454664988748,,,,,,,,1.9255710303436047,,3.404398660882751,,,
145245104,4.035159910572249,,5.13550899186725,,2.8338839257626858,,2.5117222245638926,,2.1662208250800243,1.6641847476767586,4.366137026538524,,2.3910430526918294,
32410005,5.279154408304497,,7.47464153664436,,3.122576559419024,,5.044987148340848,,2.4766339348454403,,5.253997582208517,,2.1000963521728466,
97715701,,,8.605924120169377,,3.619710177114494,,,,2.948679650444317,,,,,
100410100,3.437291107883281,2.8124903888209936,3.900418439080717,4.775090730427195,2.74958973544806,1.3862943611198906,2.298187999306873,1.960578522123397,2.2441467878822223,1.6588957348852797,3.540404331416615,,1.9557184703609274,
32410001,3.606692522997617,4.583359425574399,4.821253207914583,4.801053446779838,2.588574253260721,1.386294361119889,3.068373372938388,2.32048380883466,2.208557603093192,1.7076111179867528,3.8568342401726126,3.0854315640508236,1.942629463740057,1.8857448615278696
66350011,3.8967424816610734,,5.2768080683345575,,3.454890063295518,,6.418895361584058,,2.2969088584314856,,4.501043879023871,,1.9850862227619266,
65350016,5.989807204275892,,8.815103208197932,14.405475320539978,3.750003995052856,,5.551871382954149,,2.995819721762674,,5.921571431736049,,,
34030000,3.8909442553405116,,5.015592998475842,,2.9418223673657438,,3.6609125768333945,,2.245161303803683,1.6627215025520772,4.041008626502414,,2.0792228168458085,
33530040,3.6651886339444717,,4.634436410206981,11.92409388041506,2.942634852800656,,4.028965618781691,,2.136121783265696,,4.568384684110603,,,
59130000,3.014384764222597,3.5741166193010767,3.624066181275627,4.617891225285219,2.7201251694057063,1.3862943611198906,2.8435974868886005,,2.075157437736459,1.7194143716037495,3.455347620334539,,2.0594116287369357,
33530031,4.328754114485404,6.149467682286279,4.5251637632151915,,3.1237610041770485,,3.4363882031135744,2.27764470989871,2.194091249987974,,4.152064114619578,,,
120540000,3.2511415183736307,5.693661590728346,4.397983665215443,8.74914107101048,2.718074565360086,1.3862943611198906,3.209033830998848,2.1823515113008756,2.1408767980849364,1.679454982099145,3.3065437021378177,2.2789295514036003,1.7934558646115424,2.0004755555227325
64310002,2.6162846047895414,,4.739630691144843,3.1251144596833087,2.951462922494273,,,,2.1198554938359284,,3.4005825461771937,,,
33520062,6.566623854239056,9.842022577046286,8.711676177181584,,3.904014316599063,,5.672332103488036,,3.1748889020508133,,6.244170579482461,,2.392182354868252,
51130000,3.1957728304499113,4.280850351416361,3.810060713073449,5.300564401279118,2.8182682608042233,1.3862943611198906,2.8517525482532524,3.323024732618034,2.027008768857138,1.7196622900609018,3.453228792898984,4.283785317097931,1.9347939111080457,1.784928402711829
33610001,3.286318904365617,,4.060462566927636,,3.05385463891052,,2.737261094884408,,1.9054981487145308,,3.0604522744918077,,1.6939362356686098,
91790134,2.7165757330467155,,3.7635922537780684,,,,,,,,3.614626897863644,,,
64110000,2.913082728269354,3.461878047209527,3.5775310162173124,4.116819766638244,2.497292041908486,1.3862943611198906,2.7037569750191475,2.09593759616055,2.0116179081774357,1.6297241370190618,3.2337026151737316,2.6979796718469955,1.9656200595372373,1.6669709349653257
51540064,3.531326664179016,,,,,,,,1.9496029108176425,,,,,
84165003,3.6019027783200683,,4.767962702959883,,3.0484931723591715,,3.391161720923033,,2.133980051717204,,4.021037483351476,,2.0797226306591896,
51110000,3.33486831473849,3.426549942627815,3.98973238620528,5.73912732014025,2.4793598853207692,1.3862943611198906,2.8941921774798707,3.3969945863587743,2.1473585736337175,1.4812072465423682,3.476655684933044,1.5426090263255166,1.8806476787512685,
53620040,3.9316837034392145,,4.97714145653783,,2.9697625197831914,,3.8507049638262805,,2.0556361871594886,,3.902001063159023,,,
33595407,6.112209487931072,,9.068339284427143,,3.472569069762786,,5.466428833678417,,2.834125154982277,1.853003172409801,5.86830761363475,,,
73140000,3.4400510445125665,2.5241170614588593,4.195444830766355,3.322099120569904,2.900479769500586,1.3862943611198906,2.7209186312405684,,2.168478656055204,1.587040397718454,3.591502182102972,,1.960944935116333,
82265005,3.1596023973931673,,3.3629463010173812,4.836333480199567,2.7829524267625114,,2.4236174794498924,,1.9229920470463453,,2.9844710498784472,,1.665884827535375,
82210000,3.0348537638137483,4.274790621857642,3.6808440457785427,5.82115437976288,2.656667244929689,1.3862943611198906,2.8005931914699316,2.5865729209611183,2.041843353250556,1.5422003970234393,3.4416541499091973,2.920135339698475,1.9199804223925492,1.6803500883820852
84150061,3.4925953807173844,3.221943793879779,4.050068767003814,7.396032845914039,2.852348343677634,,3.3746304950076746,2.09919990896529,2.1016715155581966,,3.6690075000221016,1.7976639985612977,1.947627623937629,
73180000,2.972070734819666,,4.117786638375982,,,,3.0678699790405823,,1.9684449631802046,1.4285053979377624,3.469140948962945,,1.821793695950495,
93765339,6.359004996034483,,,,,,,,3.0853500146832915,,,,,
55580032,,,6.685598688273671,,3.604335571565791,,,,1.919609512172085,,,,,
93775348,4.169396763946622,,6.03225154746989,,,,,,2.035711204898493,,3.743503990443791,,,
97740155,,,,,3.3208669003558993,,,,,,,,,
10515163,5.619940541631061,,5.024163990176713,,,,,,2.4859543354150295,,,,,
33525411,7.293373818840268,,10.020444218125279,,4.319783311129004,,6.578759952897893,,3.0698457347384833,,7.551345472706515,,2.828613255448749,
65330009,2.840033538024682,,4.017929132636386,6.826062197547529,2.8710744788174383,,3.0209177170122814,,1.9559731769767443,1.794068505977846,3.475303334173741,,,
160690024,3.6966852379741337,,5.191353063867135,,3.5937358964979778,,3.739819576033739,,2.4377168941326484,,4.050155610593125,,,
146255231,,,5.359608899014325,,,,,,,,,,,
97785767,,,,,3.750133153898073,,,,,,,,,
160665013,3.1578423623766305,,,,3.3681692436042256,,,,2.008898997591558,,,,2.4700802225431358,
100460117,3.4422074406912944,,3.804369359143942,,3.0956151020131277,,3.3144859592058364,,2.1512705938738517,,4.156382953566,,,
82355007,3.8537906527631045,,4.110280621612296,,3.116339667022266,,3.6403551991986447,,2.2822996651772494,,3.840452188229919,,1.9743501855898034,
120600020,4.278731224550729,,3.7032277536403533,,3.459364517340008,,,,1.892042080392227,,3.6366039258435574,,,
65310003,,,3.441961583311568,,3.7938875221215165,,,,,,,,,
53340004,2.81566622403615,,3.4961146585459772,,2.9864508701859047,,3.272174103459584,,2.0048825687628877,,3.687122391508423,,1.8069947094833672,1.6545918461936748
91770117,2.5326186782699884,,3.7163363898111728,,3.381233524679136,,3.244214832174438,,1.9789040570330847,,3.2630544116912445,,1.9247852714510068,
93730147,3.4607422512986243,2.501083041753075,4.119349686910459,5.8731703545148415,3.2274616957434685,1.3862943611198906,2.875076186653368,,2.1263030095560227,,4.02507624823641,,1.957401151023033,
53820020,3.3581541170844864,3.4436722107386797,4.434961887563871,,3.0921771421095996,,3.3254659247928067,,2.11753022405093,1.6702830238619315,4.037950233567907,,2.6342212251462365,
145235120,,,,,,,,,1.8068886942291218,,,,,
94780116,5.332175521552261,,5.056909137412279,,,,,,2.4104362340080026,,,,2.138511670374509,
53740012,3.536265382489216,,5.123318804960445,7.581831895121737,2.7307056426232035,,3.2338935748293363,,2.1804933878285397,1.6525811616873503,3.8953871951809105,,,
93730113,5.483589266579848,,7.013431855130976,,3.811574679359008,,4.8870336938242644,,2.8320725782880607,,5.278785576247992,,,
10620009,4.811759019605839,,6.372700292196817,,,,,,2.6843601189184456,,3.9678611910530384,,2.5085103373466158,
73365009,5.061886497879776,,7.519852646284547,,3.4794890598025647,,,,3.0028439302746452,,4.42570065684177,,,
93750190,3.2196509866943375,,5.850817622342338,,4.562228063390197,,2.8136726910570506,,2.145648560049254,,3.274688697897192,,,
64340008,3.2663235529552095,,3.640935179074269,3.959809545495017,2.9458268150908395,,3.8150430560696362,,2.145236652786644,1.7859376148977542,3.6431302842940814,,1.8763831149806185,
53820048,4.399760146527508,,4.25806154627058,,3.480186212851509,,3.6034497329788846,,2.1307963131073735,,3.623498525176026,,2.1122836297771093,
34010000,3.4264047740787933,,4.658309965002015,4.333658362042055,3.2069890146317457,1.3862943611198906,3.31393115414962,,2.0427284812005024,,3.6494645610529495,,2.3479937097078767,1.582184470259356
160520000,3.4954865280960914,3.281220710243122,4.867549076164294,3.9531671102149715,2.8349269103638544,,4.154096232770624,,2.2360217319646245,1.6816312314194923,4.366774673217082,,2.2255861783140287,
64390015,6.171417298327152,,8.128884917191115,,,,,,2.563921817818882,,5.842694757282431,,,
10585833,5.040465383984767,,6.167492710817522,,3.213882339543799,,,,2.471085323209253,,4.57447066108654,,,
81255014,2.607007014969162,,3.8025338348237177,,2.660652026533723,,2.3391621908730493,,1.8752744661900311,,3.064064901630856,,1.6297623799754795,
64310020,5.695368730683791,9.375428462846836,8.195574735822909,,3.389484765326134,,5.509067403096671,,2.7782706650152615,,5.9861030231970105,,,
91840136,2.5417439041000387,,3.476528516395287,,,,,,2.1269651315355564,,,,,
53340028,6.246289889529506,,8.698429596388232,,3.3025666948541437,,5.510363960724482,,2.880062723187719,,6.184437178027619,,2.4232605681432715,
65320003,4.637364124063546,,5.840682700610259,,2.9403077341336648,,3.25794038578162,,2.454697759823172,,4.376334146691595,,2.2755127688210512,
84175001,3.9102898125027403,,5.782368131468508,,3.254472090992056,,4.191031971530843,,2.428878421425123,1.6359766909843545,4.521312692889886,,2.3233272647154006,
84355001,2.8025267457057996,,3.66812557409249,,3.0308187681329612,,3.031372980384765,,2.10947557208252,1.4410122809283237,3.286070583111173,,1.9032622518254958,
33600004,4.538105616046802,,6.062876477140851,,3.252926326774595,,3.4231913148315782,,2.0232310654739023,,3.757085085073902,,,
146255501,,,,,,,,,2.3303923146150294,,,,,
55700028,3.3088216810845985,,5.335803087996812,,,,,,2.1927803524470937,,4.11157755400556,,,
94740126,3.16924820377146,,3.5823703756486465,,3.2091005437164997,,2.549494601060419,,1.9768404168075615,,3.4858990883558336,,2.1748067779455287,
51190000,2.9535426738976556,4.698561742131899,3.9268524660514097,,2.753435223844858,,3.2441333577845874,,2.141551966033077,,3.8304640921678854,,1.9416428833087365,
51120000,3.5786653343187673,3.9233553696500776,4.808031564318784,6.495576076594226,3.1080674146200047,1.3862943611198906,3.7906474895531463,2.075442856114862,2.2678994849789382,1.8763441523896383,4.080930330728977,1.7956060722943186,1.9729920156156684,
120620092,2.8668940044420332,,4.615039868683206,,3.5676528735445596,,3.6073814728948257,,2.3692799817566597,,4.214769207979775,,,
96770148,3.3648502911644314,,4.817804951430609,,3.2976655000142534,,3.1675337787554,,1.9494701797777518,,3.8130140013222733,,,
92750156,6.454461681182994,,8.698801226981312,,3.76779582691927,,5.51704006964344,,3.01798450319402,,6.274967507117889,,2.5913816969721966,
95735517,3.158739143208289,,3.516447980273252,,3.054453380207858,1.3862943611198906,3.3809515188176187,,1.8913478584819687,,3.5958544482815302,,,
95720132,5.668800595521268,,8.230688186423714,,3.18831627852115,,5.562784082917045,,2.7795536576930564,2.399161401033232,6.028676746018043,,2.229539969935767,
84160048,3.6666678328201407,,4.283761663630253,,2.92630532606353,1.3862943611198906,,,2.0734108279167844,,4.434877810126718,,,
65320011,3.824145048436577,,3.7139876397108518,,3.3013427128155204,,,,2.1005816953578647,,,,,
64330012,3.22197416352024,5.855564813176009,3.964890971083271,8.74511015946447,3.025651358464489,,,,2.116638994553066,,3.7004666744553223,,2.203411742892336,
92720151,6.994750264735908,,9.993741914823065,,4.3164579554829725,,6.423648439776471,,3.4016861367073528,,7.582381656860726,,2.899675493248291,
91890154,3.171790203427481,,4.8153643267018555,,3.284494705878962,,2.9395753562372913,,2.240599917426942,,3.8953222155167615,,1.9149793383686773,
130765668,4.508118459487,5.85644212748413,7.367822207960403,,3.6768943502299942,,3.956288093181888,,2.6693567757288266,,5.709600039108685,,3.097605351357413,
55580016,4.268529511397079,,4.980143738789999,,2.7367572420421977,,,,2.3042490152958495,1.844753687442205,4.095406048915571,,2.0892057053034097,
145220250,4.597547733008758,,,,,,,,,,,,,
160665051,5.16376551223018,,4.070849928949014,,3.1854489186424066,,3.7611973491205823,,2.3926517535799037,,,,,
31570006,3.4782533266912705,,4.587935425669601,,2.9953084476950624,,3.4081054970265523,,2.1377111223902383,,3.578322460139271,,2.1220943640198824,
10560050,2.9088744844027103,3.8328905709657333,3.573183168726398,3.8089481975144674,2.9038105773040517,,2.5124183502260258,1.9335537237068097,1.8485912940465934,,3.234860365842909,,1.7520537651198704,
53620028,3.1827820407710354,4.524082680177498,4.584115233283264,4.711748028683597,2.995396872128999,,2.3634796908059656,,2.1912416654594,,3.014354357976886,,1.9829791044303529,
84265004,5.902534860980413,,8.651912924559188,,,,,,2.779538319001981,,,,,
82255005,4.133573072928526,,4.959867694806048,,3.3137767994478717,,3.1233335274812952,,2.2061046556923696,,4.294527743669557,,2.1887606127172754,
64390011,2.31508220938155,,3.2222915106679517,,2.7790892067897373,,,,2.061486837084291,,,,,
64350017,3.903251132493523,,3.510173000844367,,2.8246250819853524,,,,2.0633513900573552,,3.1187728680482754,,,
94610000,3.7419468230614625,3.3971393949741255,5.267680486902974,10.02593856912338,3.1705114083810795,,2.992583947561807,,2.2360355416980653,,4.475430668471077,,1.9728103179509597,
96740163,,,7.230186312642411,,,,,,3.141345102676245,,,,2.2603094863323574,
59700024,3.197706007656782,,3.508752728282962,,2.765140443834657,,,,1.8817912616756225,,3.1114426120179455,,1.7303201440037363,
83365007,2.9469789847054844,,3.9655237427539376,,2.8528788365697957,,,,1.8235032949093821,,,,1.7004131492919183,
53700004,3.478471191800807,,5.165753874310046,,2.8442299298238702,,3.7613325126630337,,2.3367491947049293,,4.09551188031303,,2.345238782269074,
53340032,3.8361636605259215,,4.405901217766668,,3.146835778592722,,3.507286594864558,,2.2184258362521314,,3.906193903055518,,2.074428983199113,
84210000,3.3617139812188555,3.3857626163289964,4.11608327792,4.022505563231407,2.7302057645860924,1.3862943611198906,3.221601077997277,2.502853773777049,2.1406492989305628,1.8028939419894108,3.8268843453046926,,1.9839769077587883,
91895166,3.6645818884558246,,5.186789407735537,4.797046775788789,3.1925632785605984,,3.2446496473613253,,2.1723693800328823,,3.968648695433797,,,
96750117,5.023004673603379,,7.622496484353405,,3.591276747940004,,4.120950533666756,,2.6041388395215206,,5.544861671795123,,1.9583215936807414,
10545417,3.4585738132390644,,6.255638414451165,,4.010017757265381,,,,2.379484838259486,,,,1.8826748469584613,
53820016,3.3381833259854066,,5.432929839284471,,2.283576930292943,,3.7196835875156045,,2.530392063195192,,3.6902276751618883,,,
51580036,3.9342920069177207,,5.341467909714332,5.688198991505463,3.2015659595533177,,5.025417168624926,,2.3143901055225444,,5.28355499460474,,2.0329313685506296,
10530032,6.122393472271558,,8.482509003276602,14.578719323512862,3.487467996706915,,4.540646820355584,,2.836114636030042,2.336729927661792,5.34618556322521,,2.392629637419599,
53740004,6.098385937105694,,8.586599932759416,,3.7303404290003885,,,,2.671859452870531,,,,,
10605086,5.560209851186728,,,,3.895627855952097,,5.517555802758953,,3.49304129296072,,5.9847396154110655,,,
83275006,3.8097368048256564,,4.551395059926625,,3.0152451933205477,,4.0967300089799386,,2.189713149636661,,5.87279121321117,,1.8117657036695667,
83275001,4.975849901991336,,8.955784611672374,,3.4636550028315902,,,,2.9139860619425777,,6.301265743368082,,,
84165002,3.0867757858079465,,4.537167197944026,,2.9180695230667575,1.3862943611198906,3.37400636357794,,1.9660578770815071,,3.4062813332591486,,1.8924853563361967,
93745324,3.811530618012215,,6.196454159203472,,,,,,2.630710245290713,,,,,
100410513,5.261385528926175,,8.434903205378204,,3.7741814322220932,,,,2.750192868379312,,,,2.28125399126992,
10010000,3.8944696748147125,4.931694889092527,5.374228330907746,,3.091372130842897,,2.5443912457129607,,2.2504490018877283,2.0383849328266512,4.349279880037274,,2.0211521449909498,
64330011,3.4466339520209273,,3.641077495348912,,3.2441876064687696,,3.4561796581686743,,1.9060098982753166,,3.859383731117427,,,
91760126,3.049500708169865,,4.054958882166127,,3.3247147491166538,,2.6126443766688277,,2.667383876376898,,3.9158770920137997,,,
66360016,4.09711040635897,4.195542054342075,5.625108685753311,5.567433522081078,3.5385252578083315,,3.7409643702823754,,2.418910373410666,2.6334247656202017,4.731080965159429,,2.178767450583982,
64320014,3.458697108872186,3.1504193071075353,3.478981191422773,,,,,,1.8330646377960818,,,,,
83165003,4.252123458736675,4.411075488922076,7.1836903576414315,,3.534555163923169,,4.528721245046548,,2.721767292371128,1.9142824151977005,5.627916120351582,,2.423901537513423,
53700040,3.3733089934277753,,3.833511958064074,,2.638828097677611,,,,1.9402347083175222,,3.5586953413756426,,,
84355003,3.881647691511092,,5.483102867185314,,3.145208425135837,,4.155123087392869,,2.1340369029269093,1.7179674501809907,4.434447065653675,,1.891454767626968,
100430114,3.6337172395317485,,5.113929990974354,,3.032197147557426,1.3862943611198906,3.0116356145175884,,2.1150980337514627,,3.8634333089442356,,,
51170000,3.6071404918963124,4.033516196611581,4.471990909644634,,2.7971975190292038,,3.5361211427439976,,2.1254915117748325,1.4593731149122928,3.593751986291463,,1.8474500202827646,
95730127,3.1661171256830634,,4.684753697856506,8.700277461626206,2.8560374416971577,,2.9621049422759476,,1.960286704090527,,4.168617824326379,4.497386247669975,2.056335115631034,
120720477,3.7377509205824526,,4.706407815188837,4.4204647736318945,3.670078953061191,,3.942235996229783,,2.211266732991342,2.382877496386258,3.7600217059341703,,2.2492836997321013,
33530032,2.8425475331174916,,3.6065208001731084,,3.0650916215356068,,2.2729026066837603,,2.030914716003042,,3.2299396565871015,,,
81255004,4.078193910063691,,5.774957612005897,,3.105157478889012,,4.378233727019267,,2.39615156818199,,3.8863417795018402,,1.9704143632682434,
64130000,2.8428344721334273,2.80651681389344,3.422481344447524,4.371729092769692,2.6336311953546776,1.3862943611198906,2.660046710981783,,1.924891102986854,1.5324957701208284,3.1027493227942022,2.294494248671808,1.975626488560383,
93730126,7.296066245002174,,9.253776749961682,,3.769996934043409,,6.116534358643112,,3.308883765867774,,7.147204432530302,,,
10555546,,,,,4.008252227444694,,,,,,,,,
82265008,2.930291162764736,,4.386564059011914,,2.837439401523662,,,,1.9922510058132876,,5.828309253350891,,1.8928882644165723,
97750135,3.432491769175737,,4.088174957509378,,2.938824748978709,,2.9417419080498357,,2.1130100128443168,,3.638129990824381,,1.9140481136189436,
81195005,,,,,,,,,2.315151207407648,,,,2.427161078009278,
82355001,6.09155718359653,,8.696108993787783,,3.19234878832795,,5.578987687031017,,2.8813511504874283,,6.221130173898365,,2.366948881806758,
95650000,2.954461681288012,3.323836856573664,3.7251171994730843,5.597205837233063,3.2353817354618797,,3.009556411304199,,1.9267762747069452,1.6769997164019044,3.7359595598177133,,1.9918677583869724,2.0239939922767487
65310005,3.2260368812346685,,3.63652313852614,,2.6091240789659893,,2.850088668997818,,1.9704485319387142,1.4379124020974334,3.196029755298677,,2.098291859509967,
91840145,2.63059969211787,,5.352829182020329,,,,,,1.9284797936693352,,,,,
160630105,2.866884280459537,2.788655831926674,4.19819426985156,3.9446834586483916,3.1993889928659445,,2.6773480314988443,,1.9605594678592149,1.3862943611198906,3.3798876637433874,,1.6976583753747672,
94750156,4.536767828269645,,,,3.330203329318456,,,,2.0278820115052665,,,,,
33595405,3.9971425283229665,,5.538933654997198,,3.2705330827757253,,,,2.2780942325898286,,,,,
59110000,3.813528089134427,4.700279630981626,4.596071651059565,6.765035640751448,2.7541981388123093,1.3862943611198906,3.1619409929393942,2.909264226099543,2.1237165638828284,1.5996413190225511,3.620358693646102,3.756388554599104,2.0669882883968613,
83255006,4.432585753323709,,4.279275699783864,,,,3.631734385193114,,2.2892266878329144,,3.1308109842565854,,,
150820015,2.72075504008386,,3.56048041216544,,,,,,,,,,,
145240330,3.6789724710588865,,4.81776611476717,,,,,,2.2719199816557185,,4.673175604397466,,,
64350014,2.9470899759781686,,3.957070048794581,,2.7463007629947738,1.3862943611198906,2.701309771000867,,1.8677327147085727,1.5194707145997957,3.7170890505422234,,1.7864594499357855,
92760148,3.3469649083397104,,4.533204031654006,,3.331602299051156,,,,1.952003451790689,,3.3443696772043663,,,
95760151,5.500647243753117,,7.1987353063718205,,3.555694689924824,,5.569368573870123,,2.6051943471205674,,5.718135098803693,,,
51700048,3.2221741910039943,,5.199960329824368,,3.135868046770666,,3.755723112168527,,2.1184050427827934,,3.7955944123127874,,,
71380045,3.830693593460401,5.2816932597901545,4.984183703951711,,2.951415419424859,,3.802161437761482,,2.239155529631814,,4.007730827658137,,2.0063977515938163,
59580004,3.609748848519323,,4.498847304801904,,3.255956119882253,,2.8774445360850858,,2.292765620646061,,3.581622287221815,,1.9857368107441427,
97800124,3.073398712683928,,5.694804961304028,,3.339258108508701,,,,2.1201087566543384,,,,,
66320018,3.322539620649838,4.511887592100496,4.874592681881168,,3.275144031780193,,4.097684449044342,,2.1549714531115756,,4.218339482957196,,1.77888578006283,
160550000,3.094611998043618,3.0880661580008812,4.120212732870617,3.366496523543756,2.724358533004859,,3.0090344275653043,2.0569880484846528,2.0061184633707105,1.414908930337433,3.118935735710608,2.2158999900587366,1.9539331614280258,3.0092455086325525
73320024,2.6723252020886132,2.043354559869178,3.260413734235465,,3.4529979254910286,,2.1180548178462715,,1.9466445526372158,,3.1047943162604863,,1.9369021628237961,
33535401,6.271503441105412,,8.872799097886604,,3.262195341218725,,5.305424017705337,,3.1283364282184554,,7.309052485398003,,2.4914306069521595,
92610000,3.6267217480653304,2.373252417202722,4.398341062762938,3.551246819346018,3.321437841029512,,3.4398685847634614,,2.1329234141662234,1.4053262255781749,3.765588734804102,,1.8235403275070166,
92740194,5.263971103510738,,6.835942133734318,,3.643418720359518,,3.9262503112282103,,2.3818453477472925,,5.353221971630941,,,
53620020,4.340147285293571,,5.61277716823973,,3.1928034691065745,,3.6612730484681353,,2.4264093843643977,,5.588190341348829,,1.7113289932425548,
57580004,3.4908684382141626,,4.321609344720954,,2.9955687322973765,,3.5949640654000645,,2.0972718670704773,,4.099084800156469,,1.9728706015864845,
55700044,2.932861153900531,,3.86883115367078,,2.7848688072982766,,4.312810025305313,,2.2446605298570845,,3.901862470450428,,2.1025013544138678,
120700296,,,,,,,2.55691573108331,,,,3.414655234272246,,,
34050000,4.166724015704229,,6.040013731442491,,2.909268044153895,,2.991021305450861,,2.1834112291069054,,3.922543409790778,,2.015721568714764,
66310009,3.9692356034975345,5.261175295069012,5.048782362918403,7.331500753605444,3.336011294748606,1.3862943611198906,3.5144093023448315,,2.26757091271182,1.6788620947050827,4.217499667037114,,2.0719835814031713,
66360006,5.835011874555762,,8.37440796578324,13.96863585449746,3.42832779314076,1.3862943611198906,5.459186129773887,,3.0305313532818183,,6.414561748509627,,2.5505144965954645,
32575403,2.830348908748569,,3.552263633053455,,3.1097372352596833,,3.091396742223853,,2.21221418430055,,3.1052170290245984,,2.1700724813227295,
96715603,6.21477301164941,,8.857056317371661,,,,,,2.8487229904453635,,,,,
66340022,3.81324408017685,,6.178024779103367,,3.5400226049190437,,4.4747537310191685,,2.432591848005298,2.272736525307201,4.760506274073849,,2.5630484383343193,
97750152,2.6040901229162126,,3.312268145412343,,2.736852102831744,,2.101543231960214,,1.8263470033602105,,,,,
91785130,6.379954510642936,,7.8454574592635336,,,,,,2.9757700271449434,,,,,
55620016,3.5399984529590287,,5.278783464150958,,,,,,2.0167244392867345,,3.2588364963820826,,,
33590038,3.4567085119778573,,5.493727666796036,5.872888143864325,3.0652832475276712,,,2.0309221038492984,2.157850558574583,,3.286467405237663,,2.005288183365043,
147130000,3.0612860940693962,3.515425796148318,4.061915192367854,4.090133441526181,2.6255873196031922,1.3862943611198906,2.755534164879266,1.9109915496192882,2.0775257611652735,1.5486084748168067,3.5389157135325786,3.2981300559775972,1.9043595506184172,
33590028,6.477042726411805,,7.25675880504259,,3.706434527133487,,,,2.8875719888294653,,6.3283347474001665,,2.3913155049325865,
97630000,3.1086047320923793,,3.9681450482895553,4.044033327258758,3.1055152302670965,,2.8355729174149795,,2.1581739326411777,1.4341715307036058,3.462959983253767,,1.898215347730089,
93730112,6.304019920753748,,9.483976294977586,,3.837349457950701,,5.275878554225494,,2.584821611580998,,7.551931601097121,,2.8420466780186464,
84265003,5.8346277630436,3.168370829793054,5.281294769786482,,3.7405735973007754,1.3862943611198906,4.854282494140489,,2.4307015328620545,,5.255485398492483,,1.773191580082699,
120730008,3.9558276446258,10.942829134385791,7.506188497003255,10.904866899213527,3.785016868829191,,4.021387389576486,,2.593949073476608,,4.710771135421754,,,
73150000,3.2958881161701497,3.130494999841093,4.582033330728854,3.997264263204357,2.6373304239969526,1.3862943611198906,3.7209377394000436,,2.0495490327297796,1.6444328535742914,3.5331492979982526,,1.9785976709736284,
95710193,4.551888060306034,,6.684085124993195,9.89684377024904,3.764346171371847,1.3862943611198906,5.882115893044809,,2.6337050266441406,2.1327737395445596,6.50314560721012,,2.0862452183199314,
51140000,3.638249752682371,,4.751498438766941,,2.9445020404876074,,3.800928397539814,,2.2060873324814914,1.7105749958576226,4.407018759549317,1.9599888350447507,1.8535547525827154,
53340020,6.355778953322467,,8.662867333856038,,3.404786916077352,,5.5635696809728215,,2.8875102416264355,2.069065362631968,6.12400863981174,,2.4208723263743446,
33590010,3.24971280623744,,3.924946093264133,,3.1873453560395335,,4.229223099139404,,1.9871959014377545,,4.139559911122025,,1.7213621943316821,
33595401,4.719450046281404,,7.4992528425303755,,4.077841487275567,,,,2.864055248865347,,,,,
65350009,5.400670908247309,,8.12511634329426,,3.7320181371910253,,5.231256478630569,,2.7454681375222565,,6.181749177525611,,2.225710860673851,
83175004,3.7431153271868287,,3.300430059297947,,2.806880511793526,,2.5648364558793846,,2.5104881234611374,,3.7560123343663774,,2.483668136907758,
32410009,3.0788580860470223,,3.756570195075028,,3.037078254785351,1.3862943611198906,2.6987006866281678,,2.071281096110991,,3.4664858245501224,,2.1445748306831582,
40120000,3.2944130109260397,2.852686667460747,4.336799476726726,4.664778226087943,2.841582375135654,1.3862943611198906,3.358515882730452,,2.1328116231729655,1.6165753678360968,3.6861530385753936,,1.7844265954228309,2.197316775318375
73320002,2.945126447345872,,4.788870141203407,,3.392313584222637,,3.071114826604197,,2.0922088428111434,,3.9015609631759918,,2.129511322566317,
91840149,2.7503288439704887,,2.7813776762997118,,2.446776408822114,,,,2.141324882781145,,,,,
59540016,3.67981683974115,,4.804641432988018,,2.8024580361935483,1.3862943611198906,3.695344992460744,,2.791582618415833,1.3862943611198906,3.8263793342660115,,1.8185250269927078,
65340014,3.606928489940339,6.1044145310258555,4.2502868052520775,4.82660950041236,3.239060502146486,,3.128912694431683,,2.2142362479142896,1.4368487749211418,3.9038210227559267,,1.9786390274156571,
91900139,2.8714404575406003,,3.592332981319181,,3.5012481184283195,,,,1.8522313023129364,,3.6558146292001337,,,
95755519,5.458521047201934,,7.724367700362268,5.2773378098897465,3.955288549751219,,4.979463244308431,,2.7049898184495844,,5.8421262589844885,,2.6892386537502397,
92740184,4.141387790807274,,4.895372720859205,,3.8080902178867175,,,,,,5.4827915226082355,,2.51646957335136,
10560039,2.6329906457770442,,3.80260738967765,,2.4147990702257913,,4.151887181410522,,1.8404872805989363,,3.2226633698237896,,,
91785127,6.262259328422506,,7.600061712026221,13.668025309252808,3.006340344587736,,,,2.4917145975093837,,,,,
92710119,3.3324200468097334,,4.04684966345401,,3.3712232815030196,,3.5207899029960363,,2.155363508943316,,4.525922998168565,,2.162859017949221,
82255006,5.026570302666012,,8.250705760047138,,,,,,2.81811016136893,,,,,
59140000,3.0924846366621854,2.741773306627614,3.8971709192126616,5.472698871555631,2.6258390582744253,1.3862943611198906,2.457251161582258,,2.156781979583982,1.5686978402778982,3.6109897054614986,,1.819074413838029,
160725051,,,,,3.5899791422810394,,,,,,,,,
82260105,3.1690129155714586,,3.5249780107633364,,2.7352779995926912,,3.1969657928536366,,1.8779177965135723,,,,1.7044408978969574,
71375009,3.697036918404883,,4.9398436809064785,,2.8737525503833825,,,,2.509031513618837,,4.846290371159111,,,
120530000,3.348516424230397,3.9870234982933357,4.578316639610101,,3.2880230803689487,1.3862943611198906,2.4738759311696343,,2.0364099574015184,1.4888752374500671,3.7459468846757966,,1.885637150105477,
92760138,3.5416969213595575,,4.272480230248303,,3.50651262241025,,3.087807734073032,,2.171771440166948,1.5627873330663358,4.757752363643741,,2.2475904304086254,
34530008,6.633271490185003,,9.10869954989698,,4.032034119197196,,6.3971320021291715,,3.3838253819656043,,7.190166687962209,,,
91780124,3.395679203915086,,3.9491104679139677,5.235676780527408,2.917897367632149,,2.844139017755046,,1.9692788502364824,,3.765218100129071,,1.97249894533905,
64360005,2.7385868675659837,,3.4493842084534703,,2.771632795513476,,,,1.8405063091158507,,3.117352648324011,,,
93715301,5.7538391329349805,,,,,,5.948336767585383,,,,,,,
33560005,5.774008616449832,,8.624672871500618,14.046351065494683,4.495545444899481,,,,2.838718112394383,,,,,
95750112,6.878074262734588,,9.640464542984502,,4.010940855603776,,5.985950942718694,,3.0814322163838823,,7.2074643779363585,,2.5809493209833225,
82260096,3.493663091609622,,4.494699255494394,,2.7067936866149136,,2.5524924317405753,,2.1094224026340886,,4.148205254666343,,1.7198094200402414,
120710244,3.03039055962242,,4.305671442719849,,3.3732899000575047,,3.058131869168585,,2.2937006634184756,,4.061621367211102,,1.688007127071439,
55130000,3.539280815190709,3.840331923405746,4.093038345517448,4.722060714127179,2.9691465891441533,,2.8080226646571664,,2.1312338063778666,1.4956201717691393,3.388267096442316,,2.1984637282516197,2.002740784433356
73385001,5.954712161516915,,7.825726611507426,,,,,,2.4424127411992043,,,,,
92770111,,9.651185369259707,7.127268880079505,,3.4270214945589315,,,,,,,,,
55580036,5.401197169921518,,7.556292708047485,,4.17629367411243,,5.453713089241742,,2.50104232761263,,5.952287935340371,,,
82120000,3.025216035949077,3.126291247113711,3.9094134458781644,4.63331024570595,2.72300786636101,1.3862943611198906,3.000059798311961,2.1337798524145613,2.0360959333075304,1.5727196865792428,3.3225516682897998,,1.8571739168531978,1.4058259838564884
95740138,3.0119600915198155,,3.651081587077973,,2.8838952847909787,,2.609180289759208,,2.135089397530199,,3.4849367993911797,,1.915299968348758,
91720118,3.0973899742950963,,4.313037955725084,3.752065878533277,3.3550906900888635,,3.342670661788039,,1.922547175101644,1.7625493137838186,3.8934781983866045,,,
34550026,3.53127351600143,,4.573982625092603,,3.081079155127931,,,,2.2460877826461805,2.206419562099073,4.181588169385363,,2.382111509850693,
81175004,5.559953974806666,,6.676692684985791,,2.931481249041831,,3.569909165433005,,2.4283584085772976,,,,,
31510040,6.308279342761188,,8.646903071689104,,3.6179811860383593,,5.57070416119562,,2.992725843210087,,6.051790169329198,,,
150030000,3.18979014513531,3.494397148029466,4.347369918612276,4.651692441470527,2.814445404068015,1.3862943611198906,3.3374972138529024,,2.2011338207894426,1.6676363485778665,3.973104589301524,,1.9075779115944609,
57700024,3.653541912395314,5.14712759393449,5.6406486425966005,,2.955688479944811,,4.131191687441894,,2.2949071389261997,,4.331569865714288,,1.8542719000485712,
93750196,4.743502856243805,,4.7978932031011015,,3.1076980995787267,,,,2.600377567331141,,3.588271906971306,,,
66350020,3.6487484727036494,,5.577875876278522,,3.0223413815075455,,3.7695155827811795,,2.4186064452225957,,4.3930650172055286,,2.154586525955547,
66340002,,,6.467193986911871,,3.8190728556332676,,,,2.8364229589002354,,,,,
53620032,4.419330719985503,,5.278816459099058,,3.0032380390293376,,4.326697630397655,,2.3913352682500726,,3.425627033855879,,1.679104264987804,
81195002,2.2389464090365645,,2.721690732614192,,,,,,1.9506512434851992,,,,,
65320023,3.813662025161408,,4.470277002450005,,2.987711835606448,,3.088787642665206,,2.098203006683686,,3.8693118271514417,,1.8519556404286288,1.798235968805657
96710136,2.732786093766483,,4.071159359917766,,3.5714974572900404,,,,,,3.325773863576938,,,
10620001,2.802037849276291,2.959226885181447,3.5203790425683015,,2.726648130191548,,2.7396002384796354,,1.8298811734062272,,3.341209403963237,2.6177471137907036,1.7697471928582549,
100410517,6.1332370045949585,,8.648493098163433,,,,,,2.7983816360459626,,,,,
73315002,5.113255595233174,,5.005705314691342,,3.266382122541987,,4.185514408392058,,2.6801176586832574,,6.127352657376765,,2.147580085423098,
91750122,2.5488013895712767,,3.2500310634649576,,,,2.1855406820337437,,2.092852831867342,,3.8318230409503644,,2.662382194997276,
10585895,6.153914409969268,,8.196293020897587,,4.326791187561767,,3.910876586175882,,3.2555530389443987,,7.408688070538669,,2.930889435407613,
32410002,3.0959461015832166,,4.543110961716133,,3.0721968661486216,,3.7893270669959493,,2.254445662789105,,3.9808612778797055,,2.090449785563969,
130745457,6.344674138486646,,8.923494995439041,,3.868294827649765,,5.475856608790928,,2.9436775304026686,,6.009307237036332,,,
97770129,5.454305158842301,,7.565508193373232,,3.6495582554532504,1.3862943611198906,,,2.774400840725106,,6.011278588397939,,2.41758030533645,
65350013,4.078514710636017,,6.629378863681304,,4.063811813663435,,3.342215871534817,,2.3677003592013235,,4.364824671436898,,1.827911416044118,
83375004,5.898563445418284,,8.420376808088454,,3.8707669137775453,,5.657021524966234,,2.821092733472896,2.2529548087650655,6.0705523656556855,,2.5747086126505727,
160745014,2.819308106225084,,4.086694915566729,,3.2535686797140326,,,,2.01856641174618,,,,,
100410512,6.086490211939166,,,,3.179433869114056,,,,,,5.644130559206726,,,
53820056,3.848185873219493,,4.950273254355932,,3.025110957537766,,3.105057098734855,,2.20342659814683,1.7301426333926593,3.710382235816329,,1.9454001102569232,
33605407,5.320917652284212,,7.338291023683147,8.817946915931394,3.643459149601713,,5.319975361647126,,2.8763922944618985,,6.020749883086574,,2.337309060009364,
120690304,3.7841093603496536,,5.0229684402271255,,,,4.018049990485392,,2.224971544939079,,4.150814956658818,,,
82375002,4.832943553504048,,6.092674638369219,,3.86245190318596,,3.760003945207518,,2.3105163898016166,,,,2.290846029244557,
64390013,3.195133766521008,,4.67504601881191,,,,3.6699058134480858,,1.8789260511245789,,5.029710216867037,,,
95770136,4.702935785037774,,5.547439613608722,,3.625311983478852,,3.5065739666521236,,2.0741628806185215,,3.8043115382285433,,1.7827820730945338,
31590034,5.399944679620722,,6.64528054021157,,3.257163879053358,,5.064770615886805,,2.59749482994094,,5.481406346763085,,,
31030000,3.7193354772573777,6.778090975300554,4.2480946523582634,,3.2425548981499817,1.3862943611198906,,,2.304394220495139,2.367875407267472,,,1.8131767071433178,
94780111,3.3058700146727973,,5.566285654801457,,3.6426671095210503,,3.553849192974986,,2.4066765843420628,,,,,2.35303874459342
66340003,5.08418462270385,,4.236375252268283,,4.051308068428394,,3.9857821117968677,,2.1022185052445743,,4.228308107597605,,2.3247152565323255,
81185006,2.7749022359189364,,2.675578432324228,,3.2289570886213093,,2.65370194378897,,1.8959310756957994,,2.8380884360480585,,,
97735713,5.487196891565197,,5.198739623759134,,,,,,2.932619358301687,,,,,
32510041,3.773986464279846,,5.826556462719599,3.691952923810572,3.0676068934404204,,,,3.033526921768935,,3.7136812617592967,,,
120675705,,,6.9290885991584545,,3.68660187673742,,,,,,,,,
160750085,3.07971427240241,,3.529126386807036,,3.182809723074559,,,,2.078107162342053,,3.760308083260115,,1.739967030277791,
73375003,5.279548126145756,,5.2212483314777565,,3.013895970220063,,4.420121248717351,,2.586069265448738,,4.927434098645782,,1.6636551159097406,
93730151,,,7.827533854004018,,3.8189479083328526,,4.581706246047006,,2.484235636925459,1.6160561170313705,,,,
66340014,3.5427905953226424,,3.962591644550876,,3.128196721310271,,2.517423070596214,,1.9398019200728576,,4.26212866371996,,2.571552968492997,1.5809075011901583
10550032,,,7.474539845036365,,3.702295784231438,,,,2.319990448558298,,,,,
81180021,,,,,,,,,,,,,2.4421625910843794,
59780008,,,,,2.616991997593111,,,,1.7544491590988573,,3.2664120124754654,,,
33530026,4.033474260939029,,4.9145175857823515,,3.181149201976988,,3.7837613571043827,,2.3763230190478852,,4.299743567988107,,,
71355001,4.790671107226215,,,,3.1531090691552843,,,,2.5147568474254056,,,,,
91870122,3.0173705284933465,,4.017905440706375,,3.7483812701307624,,2.6854154012261993,,1.8376227875302567,,,,,
59700044,5.699024058196275,,,,3.150488864847032,,,,2.5121726303684353,1.87169654215838,,,,
59780028,2.6937994763109923,,3.732597889745207,,2.916358796466562,,,,2.0745279782037302,,,,,
97785757,6.456608857268586,,9.188545118444736,,4.077894399996742,,5.978580454205658,,3.0444960323436847,,6.5120450485100045,,,
83265004,4.170251098058599,,4.693907270193226,,2.9830838015522305,1.3862943611198906,3.430233293641038,,2.2586395148087206,1.6865004608951228,4.025545516046692,,1.947607119428518,2.74657984565941
95760148,6.3314845671510716,,8.757600051554812,,,,5.610024339247923,,3.010647927830016,,6.0978263253643865,,,
71435004,4.9368319402275835,,5.661265679905625,,3.422582667106504,,,,2.5208655341543014,,4.6339975353359035,,1.803830128265763,
53780016,3.540749379485459,,5.456341812001751,,3.002615786844322,,3.6300076090252253,,1.888849571343187,,3.1929109741048283,,,
130765667,6.934088017554972,,8.669387710046543,,4.258869060135305,,,,2.7648316593047646,2.051043562276462,5.429600267866665,,,2.9953444276535373
94780139,3.5356531015291033,,4.714770251219744,,3.373739124454551,,3.811511585495755,,2.26199175285779,,3.9967474146804274,,1.8526600351973133,
32410021,3.6855901027677613,,5.846280032146146,,2.955475545023864,,4.25290209342467,,2.3341810337289464,2.0198399383098375,3.935783358255701,,1.9160211517996626,
73120000,3.2181387755122257,,4.038809001871603,,2.8646189053659445,1.3862943611198906,3.1097057239309027,2.0705344835009027,2.0848321608465987,,3.318399226842703,,1.7847370407786312,
95730120,6.142266769799629,,7.914352346148962,,3.1609510762549875,,5.100109634565992,,2.583293591046356,2.4624260935120947,5.693036716867533,,2.6160868145572787,
97740150,3.696482380265413,,4.7549585058435735,,2.988345212174342,,4.050690742300181,,2.1863648211147444,,3.598271555084929,,,
32410017,3.6089817864049625,3.4696427415246966,6.109480647988561,,3.268758214638359,1.3862943611198906,5.185148724636062,,2.327121133561444,,5.668377035669277,2.7733289622874078,2.2278274289796935,
32410019,3.516521659453934,,4.374351471769622,,3.1658492945896666,,2.926484392376543,,2.030668559814545,,3.154703908880238,,1.9900530982222873,
64400001,2.9672545487654687,,3.854020377605139,,3.516472957596406,,2.9890915078800613,,2.016679605519748,,2.8845370192868023,,,
91870169,4.522377365818471,,7.885862027674653,,,,,,2.4877789883443544,2.196965416113463,,,2.4187452209634217,
91730120,6.454157823408687,,8.553825084112507,,,,,,2.926695277178943,,,,,
97800139,2.823002032343419,,4.170534345482135,,3.201012290517325,,,,1.9996663256848077,,3.1985159398519043,,,
92710146,5.178192187047921,,6.745599337483292,,,,2.8833541111357905,,2.3590616029969866,,3.9919619936453894,,,
130760108,3.5718459715209923,,4.010240011387788,,3.3685947256201465,,4.349106798098148,,1.9943715936359119,1.827397658416696,3.4292322241904087,,2.00675578199853,
81255005,4.447652378256649,,6.314271300711841,,,,,,2.1394719845135652,,,,,
100460113,2.7573405178463117,,,,,,,,,,,,,
130710110,3.435970320599365,,4.215269144206602,,2.9473823488136066,,2.666283215153409,,2.443334060204391,,3.2678996390756354,,2.204788551645026,
34540014,4.795263835107226,,5.476329435912908,,3.3989228043450224,,4.782609063670493,,2.3533029131840295,,4.240492814083244,,,
53580024,3.805286823887505,,4.597681902716165,,2.9753664744196735,,3.524451636718371,,1.9853297205178106,,3.6854999801684456,,2.2056789391726643,
66310017,3.8708808262421504,,6.362266395115514,,3.014451473139034,,,,2.8890132605197425,,,,,
57660048,5.526841335766428,,,,2.7972486789784536,,,,2.275986384060776,,3.9823930087839385,,,
92770128,,,4.383482499664417,,,,,,,,,,1.7249372888237344,
10020000,2.81955011591787,4.113984891880466,4.150393386405974,8.819033454357308,2.5903082805416493,1.3862943611198906,3.24537304742375,,2.2819826633564984,1.7907619608962375,3.5656095311000064,,2.2859664990046773,1.795559243813481
72355008,8.057201454877422,,6.20640364729559,,,,3.621873184421359,,,,,,,
97785758,6.272498225841298,,8.920815680098457,,4.248782922685603,,,,2.8192820151654394,,,,2.5786640786690125,
81280139,3.721049456253546,,3.4683560373101407,,3.5707588123883864,,,,1.846338256215742,,3.847999240031326,,,
97790131,3.4109476951878066,,4.330614945820531,,3.2254117160131286,,2.852634068554035,,2.056049032658815,,3.7013318435756197,,,
92730111,5.478840933876195,,6.548542863805553,,2.2379876667306067,,,,,,,,,
120510000,3.161062229128479,2.491551852395218,5.519218472470109,6.358170570954882,3.3925784385156756,1.3862943611198906,3.4687115178416206,,2.0145415406636777,1.7503497225609304,4.593287132210127,,1.9686225170830212,
66320002,3.5086388890555376,3.568692721076059,5.2353146078373145,6.11360996019784,3.29071129026905,,3.2234654670348024,,2.016015089833579,,3.8508984405197455,,1.9719646572120122,
33535404,5.805667524927011,,6.259653437209121,,3.302726455395306,,4.128642857259781,,2.683294328334045,,5.38553898568251,,,
81280064,,,,,,,,,3.048583828547038,,5.840932105273735,,,
91860143,4.038422860798314,,5.644058135466155,,3.939201233209627,,4.566378280505493,,2.4100612909846597,,4.613250679942527,,,
64350010,3.054389285188207,,3.8490466645758836,,2.73024742177112,,2.429453049369629,,1.8767275392612544,,3.1486215372605155,,,
64380001,2.5287519752496745,,2.832986194144332,,3.0941299991530937,,2.921088485939013,,1.8512212030084674,,3.1479824802859033,,,
53700028,2.889444923399602,,3.352171260370535,,3.1888735229141583,,,,1.8348631126475592,,2.3937765505605175,,,
94730151,3.414514857958833,,4.035889028554863,,3.2536823265708037,,4.478411137266472,,1.9568886581821467,,3.366683660706118,,,
146265242,2.781584070691073,,4.216336037812786,,3.1794328012362567,,,,1.9191347435542796,,3.965718555392981,,2.0993762718910483,
33600025,4.024567895446417,2.8702243994655743,4.947411472171176,7.1319476648447475,3.3211999978361133,,3.8150677785342078,,2.2503687466978195,1.7817070453747286,4.582716838107226,,1.9458554640344348,
84365008,5.899164341522276,,,,,,5.721448735021127,,3.002256673725909,,6.466950353342538,,,
96710111,2.9954124075559467,,4.191618090269063,,2.735365347556283,,3.2922953073728665,,2.157210037475112,,3.3771685885267373,,1.6249371834853883,
130740087,5.289048423765342,7.733848918469394,6.617658113191997,,3.302974815258406,1.3862943611198906,4.040381033251098,,2.601963812120584,2.139969665886599,5.056430360914565,,2.177760633499678,2.3218858356268752
64320022,3.3887655337154428,6.790969712690896,6.503729326368133,10.115141563449896,2.8935945789593287,,3.9567718739964812,,2.3076308870953284,,3.8933530606592726,,,
83255001,,,8.546181053991223,,3.2374512616259765,,5.543122020685355,,2.875842047314266,,,,,
83255003,3.8049185718227885,,5.2340729044207075,,3.1039557865398977,,5.34710790813171,,2.0896941402727682,1.8489130875781494,4.078215665367758,,,
91720122,,,8.603898312250688,,3.518063206445955,,,,2.9075739709568946,,,,,
55540064,,,5.9413826588809275,,,,,,,,,,,
97640000,3.4171538400749726,,4.104986602501564,,3.2016781285864018,,2.7740243990912017,,2.074612110196443,,4.7700164930983595,,1.9889680423516365,
91810130,3.6304823075699,2.6360149102559065,4.4084188226446805,,3.484775041488757,,3.0255040026579394,,2.196688927418717,,4.803592999308472,,1.8877610471334256,
53740048,4.442573283229659,,7.081597036325497,,2.8312959332483865,,3.9196115186256995,,2.523666190753334,,4.6258713463354,,2.0979760263635425,
31020000,4.462650903006703,4.062027797923363,5.2153874961288205,,3.3988537778585783,,4.928105074736413,,2.2330128799258073,2.098625297912015,3.913212137128001,,2.216835499778048,
97800143,5.06986813058769,,6.26519541622224,,3.919107816465363,,4.050069452444741,,2.406851194473224,,5.614902474828048,,2.528589074747032,
59780036,3.241702834017133,,4.686047303554014,,2.75934309041969,,2.507261714430402,,2.1019105965495672,,3.339367419413599,,,
92730137,5.9763968661567874,,6.267649801221703,,3.521011304287589,,4.375150193868125,,2.555921646461091,,4.985840439056822,,2.368248329364509,
64380011,2.467299509007914,,3.4721486896999534,,2.969618406405508,,,,1.9524674190705635,,4.1850604938190425,,,
84265005,2.724184797031857,,5.36433935731011,,3.1727196326579796,,5.275565633962371,,2.552172300441209,,4.082127868445507,,1.963814117422001,
91900157,3.178748668998825,,3.3802557452736206,,3.149230938067668,,3.053750067103018,,1.999751983920794,,3.6607694807703735,,,
71370003,3.4494795940635194,,3.6706737821669053,,2.8760018821940645,,,,1.954011007407561,,,,1.6531331208413569,
160700004,3.4686878994700137,2.1163517084108294,3.022092218778296,,3.2002227314565372,,,,1.8317567265634795,,3.4753840196449723,,1.8573400837264495,
57580024,3.6491845215662457,,4.9072172200677535,,,,3.9940402987596886,,2.3359662948276614,,4.389438013284083,,,
33595406,4.009808071422336,,5.289858524926001,,3.6198733159712564,,4.293409879193379,,2.5087566477923917,,3.646642536725345,,2.0123576255693956,
130710107,3.651117092809388,3.016860699586202,4.759390766273083,,3.2607335348008366,,,,2.1341404734796745,1.6857367249593822,3.9188636657691363,,,2.0049862041807693
91710125,2.8153245083978753,,5.299442668373464,,3.134919363669093,,,,1.9583321293720957,,,,,
64320020,4.635197656688546,,7.034192761355816,,2.8968558467728767,,,,2.348423958854977,,,,2.1802462909670215,
145245118,3.267383218979169,,4.6049888858484564,,3.3371489972060506,,,,1.964021467619266,,,,,
51540004,3.4505277249852964,,,,3.0433249007406706,,3.888059817951569,,2.091042841995202,,3.605892299278746,,1.8406430229808202,
97720177,6.171294134844766,,8.383682428866559,,3.2946613839154697,,5.0095694645130315,,2.7969802773353742,,6.361820781073993,,2.0473154192907845,
91830128,2.831658300557303,2.538911899161195,3.645437734672045,4.242889626645397,3.30328106551618,,2.7815505479614346,,1.9396584582569285,,3.3363750056622337,3.0910630789665454,,
95750153,3.3982527668883162,,4.7274969106446365,,3.2023693821336736,1.3862943611198906,2.627445801106818,,2.22250657196274,,4.015196713518924,,2.0771433709344054,
32410010,3.0984698748323907,3.5105366116760184,3.8619264642562166,,2.3084998087841027,,2.8955281269019837,,1.919170755006894,1.622605412396105,3.3924251478195684,,1.883397191286267,
59620024,2.7132631223910244,4.036898881074662,4.359000199865505,,2.9756012910397964,,2.9974256985314347,,2.0006539848243174,,3.5273787662811817,,1.8140134603864568,
97710113,3.9347228082777517,,4.241105555788232,,3.309616932708972,,3.319755283071631,,2.1427667043106,,4.678290215027197,,2.4660181299105957,
150890015,,,3.8547019602344412,,3.0153032030342617,,,,2.1894073326698043,,3.6027722444257533,,1.706852515512592,
66340005,5.94256609111475,,8.070298816299255,,3.5136551251731842,,5.738156450270516,,2.8527797558270382,,6.366577899457159,,2.260770820298414,
65330007,,,3.250629530388481,,,,3.8460100905704717,,2.505467929613668,,,,,
10560049,3.9998135173572926,,4.991520944244117,,2.7489909536752686,,,,2.310552589763918,,3.118014732305051,,,
97750162,2.786239397717401,,4.263492565740307,,,,,,1.9010105463191322,,3.004078010199173,,1.7165251632100762,
120670144,4.0306794419963525,,3.992909360843122,,3.193549169196858,1.3862943611198906,,,1.961351698864526,,3.3632174929545373,,,
59780024,3.2296492099268224,,4.99595890577311,,3.1209571030590184,,,,2.178215603982866,,3.107513147204834,,,
83275004,3.117549801645529,,4.147740077216352,,2.469671479859316,,2.753894049363433,,2.166179887893209,,4.173382172978953,,1.8695131182842963,
120520000,3.5507183807498808,3.429156854334911,5.427825689892299,6.189286192901614,3.0214426092171185,,3.899213944514543,,2.1051299901297997,,4.660643723167433,,2.152650360450919,
73375002,5.138929959865747,,6.530623111725568,,2.996318586970631,,2.237714129291372,,2.380572811208036,,5.160232010501922,,1.9595572124028888,
95740112,3.1072546156704863,,4.29451870438526,,3.0138992223186825,,2.953259384526112,,2.0071267388994776,,3.2077860655094645,,1.6592810141745002,
10590075,4.203813071371615,,5.753296507851728,,3.2255570733664576,,,,2.1737070291177156,2.1244813290397726,3.3535758924262073,,2.0796330710244355,
81165002,6.133746127721047,,8.761734856403503,,3.672979756055048,,5.502982148251392,,2.891432318699398,,6.134562850994758,,2.450994741465953,
10600063,3.4403634296895453,,4.5507154213921455,3.4613142809555058,3.2347222931292454,1.3862943611198906,2.664147743331778,,2.0366805637702194,1.6323293729886532,3.415477805481559,2.952421698729416,2.0719250135867773,
84175003,,,5.198604516349949,,3.3648275397534526,,,,,,,,1.9240397742459425,
120670036,3.5783075485886826,,5.34902621197854,,3.2309262955902405,,4.516082611056832,,1.9674071965414772,,4.361546303043826,,2.4656701414076503,
96770157,5.187297417768035,,8.61023154562701,,3.7142956754347467,,,,2.835020065522659,,6.160298970261216,,,
83355006,2.8707014457159277,,4.557097059737894,,,,,,2.2210307711604624,,4.46604358181001,,2.478784806654777,
160745050,,,6.452575868928522,,2.5942821890718064,,,,,,4.91297520143703,,,
91720114,2.5571351660052297,,3.2364110276647913,,3.1847045939856926,,,,1.9168832313201485,,,,,
84365006,4.093720254235437,,9.814241798953216,,,,,,2.746802724241144,,,,,
92750154,,,5.389081654562002,,3.4103135764791705,,3.5174202709568485,,2.3690103053568654,,4.152454756047294,,,
33520061,5.072468406792661,4.491419738581572,7.956590440495377,,3.1546648259256496,,3.391831451498642,,2.506118943836,2.030137164509297,4.9538017981133455,,,
97720147,2.7813900471378274,,4.793317659963131,,2.592488789096091,,3.626032176829365,,2.202149477413456,,4.033256962719952,,1.6789382517445293,
32520006,3.7551903751179574,,4.168465373973933,,2.818279465047004,,2.5329201784275077,,2.2105412627706578,,3.6388363057622186,,1.6782057285991754,
130765665,6.741486509611839,,7.401583755283561,,3.2662971406801726,,4.759888480412952,,2.997333288407323,,,,,
91740126,3.278857764423388,,4.945106203491065,,,1.3862943611198906,,,1.8653478351046464,,,,1.8131767071433178,
145240300,,,,,2.847169943448597,1.3862943611198906,,,,,,,,
10620060,3.2437967904783807,,4.749500207780877,,3.618179571247866,,,,2.1042333989182955,2.03636930788767,4.38808824002602,,2.0390824037244317,
33535405,5.998493386562149,,8.099520120896976,,3.8251219103330034,,,,2.8142135159403168,,5.867237705249217,,,
66330003,4.675328827768026,,5.684311651296384,,2.9683120906036167,,5.053309606382527,,2.443985563783099,,4.9002178594570776,,,
97750139,2.9265056305312704,,3.3256841743330603,,2.738337455305511,,,,2.008002876886808,,,,,
160530000,3.1409559912463534,3.6106227414519045,3.992947294105345,4.24790702874837,2.560902524979103,1.3862943611198906,3.015399002118547,,1.9648557836615863,1.5349413874512692,3.587118840202643,,1.854964505712448,
81150003,2.861825792720401,,3.46588756268404,2.6923098892187887,2.508262683625144,,,,1.930479556465284,,3.2978902025399583,,1.98263904480184,
81285001,3.5862743399538384,,5.54820576444904,,3.6525721747068585,,5.477510407483831,,2.26331964804078,,5.534171351083174,,1.9709417624078116,
94780145,,,7.747673460268356,8.189712407101489,3.880389886504078,,5.4695106622194745,,2.5525117938546398,,4.8707215416164305,,,
91870167,5.808449903287375,,5.944969495244845,,3.2035306127450847,,,,3.075220166256332,,,,,
120610260,3.530427853383784,,4.071649174014303,,3.355175513340821,,3.7283330710981493,,2.1104421326999905,,5.386581274388752,,1.8475034243796347,
65350001,3.609631083901891,,6.17971643805173,6.376054287463514,3.541312070381055,,3.1180988597894883,,2.5248247728745765,,5.90408780382399,,2.120335706557329,
73355011,4.3178798821224795,,3.477732824177723,,3.45397649116472,,,,2.379327463220133,,,,,
53820032,2.9414693252442827,,3.988743382428249,,2.6274843688697946,,2.631463853946314,,1.9695595101774743,1.7381765710990127,3.4756578752972707,,,
10040000,4.06600319534894,,3.1737100627896315,,3.168643807165652,,,,2.1029996673519302,,3.29362509857162,,,
94745427,3.6893605850491977,,4.960810492235515,,3.6584647781868447,,4.467347491137614,,2.3452296979327123,,4.562874466923301,,2.0563968775821175,
32410008,4.291993620607848,,7.326360132944259,,3.323240188159108,,4.611560225689956,,2.5644968047768906,,5.745649711029029,,2.1836565937058747,
32410015,2.8650204973521056,,3.7874835385030297,,3.0286719440925647,,3.2222050027628826,,1.982865593070813,,3.6087122201489463,,,
91860137,4.461406499545725,,6.889314056037879,,,,,,,,,,,
84250039,3.1404625214863504,,5.42917446737328,,3.6449864631198534,,3.118480818277124,,1.9041577550894853,,,,2.3519568131875914,
33535406,3.612360208382884,,5.351851257306491,,2.745016039649009,,,,2.3072807470121,,4.709464698612005,,1.803830128265763,
97760116,3.8715514529620707,,4.554478325065692,6.230435044477156,2.861600101041523,,4.20561620855226,,2.1008508628536937,,4.2972998134745755,,2.077075147480406,
53660016,3.3481202717292935,,3.6828630032388894,,2.7366423772993356,,3.0542395244405443,,2.1061837480775116,1.4327134307654892,3.3567117336625185,,1.78940440646698,
130745459,4.42358256268257,,6.297989534565183,,3.8180919125498916,,4.2407048417574655,,2.724833298825384,,5.738695053496896,,2.0532330953921876,
59740012,,,8.580835111497077,,,,,,2.8942413469482076,,,,,
73325007,4.270757704094273,,6.041659812623406,,3.428162837821082,,,,2.7647904854267478,,6.620961323313918,,,
96755618,5.331878114760599,,8.480467958425136,,3.890066634742868,,5.7511903374201525,,2.7640158568939084,,6.05505034995768,,2.4873054310625227,
95720121,2.96982324531692,,3.685181171491373,4.288323664625719,3.5766823105904777,,3.687668173577349,,1.9527114743466074,,2.8730666496116877,,,
66350003,6.086101421320573,9.427813235525905,8.039613054481801,,3.5560476938898122,,5.6861688892246,,3.028088750563329,,6.168392354995671,,2.9331653982821293,
66360011,6.526000282046351,,6.516138491397293,,3.441802937094701,,2.590619924028204,,2.1865711376009527,,6.101160442723302,,,
84265001,6.259238059400332,,,,4.019961416691351,,,,2.5217607208672423,,,,,
91740115,2.911534418607397,,3.75210049172133,,2.839082951100428,1.3862943611198906,3.2328233463182054,,1.9304825231727403,,3.1915691349132937,,1.9758266659080674,
93630000,3.7184463085170827,,4.853296098062739,,3.2386241460381298,,,,2.1526041082064595,,3.8384097591132806,,1.9313778212703927,
73200000,3.0884602414818665,2.9107167823731603,3.7405062757609104,,3.184525385500302,,2.094627729356447,3.4244773378418705,1.9469410688104172,1.8233296828723127,3.910539631821795,4.11591298636631,,
95730125,2.688548962224773,,4.837961337178092,,2.985600204062442,,3.449908326635951,,2.1199916597556356,,4.175469465395741,,2.058653611427604,
91800117,,3.0957706528795508,3.811265516746411,,3.101841809009259,,,,2.274004058573207,,3.3903188377533398,,1.928493297945746,
81165003,,,5.542451202297578,,,,,,2.3127869433891357,,,,1.8886365546557409,
59160000,2.813520421460217,,3.7717805753091103,,2.716401277265139,1.3862943611198906,2.786739465480784,,2.31451325278057,,3.96898613943149,,1.8419907880214939,
53580052,6.063334406156632,,8.652216052322329,,,,,,3.0789459549441553,,7.2456674742850895,,,
150860015,2.580753115464363,,5.071351146650077,,3.3513265875643112,,,,2.5393516752940144,,,,,
72110000,3.6531279142789033,,4.247535156883193,,2.533826574451755,,2.6440303435214054,2.052565377974542,1.9725690401794076,1.6476075326290556,3.4971286087787457,,1.953148300214091,
10625218,4.588030243104002,,4.381352113487311,,,,4.3205751022379655,,2.2869221410638327,,5.3485216648843,,,
73110000,2.8583077895079243,,3.57204793232385,,2.662709754447494,,,,1.8696571144697864,,3.2193372054626788,,,
92770138,3.153073687017325,4.444743246897465,4.326930279857264,,3.2270807077366936,,3.406319741871434,,2.103921592273103,,4.480612947233962,,1.6682252202583054,
100450114,2.6631037579400076,,4.3825166530913755,,2.7896289774065344,,,,1.9596613589873524,,3.2231603358990104,,,
146280110,2.945078915596935,,3.8762880567929434,,2.9290687126352837,,,,2.050261847112757,,3.1028655387581376,,,
130715164,5.941361850460772,,,,,,,,,,,,,
66310006,,,6.2487174796422815,,,,,,2.015564935901083,,3.602564680109784,,,
72325006,6.430630881981317,,8.775345085606638,,3.9284321525392025,,5.575427583668422,,2.9818481450230965,,6.151263766529089,,,
53820068,3.0985189010371332,5.235863536196621,4.522505071290416,,2.9429824431663727,,3.832349985953325,,1.9760737651312168,,,,1.7138483296850362,
51580004,,,3.1270605221899075,,3.6031020532179223,,,,1.6951475183115159,,3.308566661906864,,,
91780144,4.374904702369937,,,,,,,,2.5353043482539723,,5.815506793069572,,,
120630036,4.5619245094336,,3.0110288816144495,,4.057320898763846,,,,,,,,2.627962585089906,
34595404,6.23755584612178,,8.720399254034767,,,,5.576989380914054,,,,6.453848177055849,,,
96745611,5.597946600315382,,6.37149122990528,,3.991915879706948,,,,,,,,,
53820008,4.071970246063288,,4.095784965007046,2.671999229381867,2.7347897410032127,,2.5279085725213384,,2.2862948859869867,,3.5749272452955445,,2.1256450515979157,
96740221,3.3986370186938486,,5.134597585601278,,4.264815010437899,,,,2.276899206377922,1.6265669448655786,3.528943373120425,,2.7270358632878318,
51660036,,,6.52614446777912,,,,,,2.711715813902448,,,,,
94640000,3.0102607626684055,2.742394863064321,3.6761345522273294,3.930637547209365,3.16610771243707,,2.9184460731303195,,1.9956610398792456,1.5975649251451738,3.7475096170498126,,1.9468593910608247,
53820040,5.850216307825625,,8.362804342828436,,3.3018931641345177,,5.484809887539511,,2.812967136049538,,6.029244798092054,,2.4233769219847097,
33595403,4.594615328210397,,5.733694968975198,,3.680679138571371,,4.028140518842943,,2.456399287199477,,4.87310966043691,,1.8973424792252325,
66320015,6.303353066687185,,7.9973886500480384,,3.6358723673150948,,4.017617663268829,,2.868094773706881,,5.9758792682013215,,,
100430115,,,2.932099274237757,,,,,,,,,,,
84175002,3.2752672244746313,,3.8616339626845506,,2.8903731506167447,,3.42152100143697,,2.0950381892889185,,3.8490173063841597,,1.9215536902610901,
82255003,3.9564410428992134,,5.97569873543747,,,,,,,,4.561057029946727,,,
82160015,,,,,,,,,,,,,1.8695052920883608,
59700036,2.733592731994041,,3.9035870205086876,,2.579962222123307,,,,2.1084013100346013,,,,,
147290050,4.134792910417392,3.0377430663944796,3.491785764760412,3.776786738805853,3.629219195657994,1.3862943611198906,2.569697762813292,,1.8433483448741812,1.5941883493824442,3.2733569186525235,,,
120600181,2.5489243979775584,,,,2.3627316440506525,,,,,,,,,
65330008,4.579829194849756,,7.8251833481570525,,,,5.412711559253933,,2.4808731311159935,,3.9867227249007025,,,
130745458,5.78523845294991,,,,3.728953139906377,,,,2.8392822134187496,,5.473587700007842,,,
53740016,6.092252179117882,,,,3.2071083639197706,,,,2.8369802048999837,,6.26240554203024,,,
96710143,2.9323669070115317,,3.4826609903647148,,2.8203737853950295,,3.130763242906295,,1.8713610238198046,,3.6404117518100203,,,
84355006,5.044074778963873,,6.820622620524941,,3.2595515706283265,,4.585265216360615,,2.4641517614718627,,5.101318653419144,,1.8172604314337752,
64360002,3.328645327519573,,4.3767663286657115,,3.574238796450276,,3.038925174301693,,1.7331325739499026,,3.110069747602495,,,
95710115,5.937643739693246,,8.676713354880745,,3.265321715243729,,,,3.0279628675619867,,6.059823959134546,,2.425792548227022,
53580060,4.467613814272192,,6.810691333803156,,2.4095755309980014,,,,2.3047870729037956,,7.05477230344825,,,
64340002,2.6529506533656946,,3.369121697948805,,2.6482949137690244,,2.543104335754999,,1.889292411163925,,4.188279604858426,,,
53620036,2.768751883779079,,4.15368410998384,8.284437030049165,2.755160195067706,,,,1.9164721396539448,,3.2428236383989835,,2.0428814533558195,
64360007,3.0618941837819302,,3.772416751636326,,2.705502213745834,,2.826568330238304,,2.098667037763154,,3.854552058221362,,,2.249053697663167
31570001,5.60316259749076,,7.891660208229436,,3.2830582750815274,,5.0230501705668145,,2.8522484208029675,,6.2670409577335,,,
57740040,,,,,,,,,2.8246580274029522,,,,,
83265003,4.371179850532998,3.342587482085339,4.983676667974215,4.611582039900944,2.931312881944225,,2.4905323079804065,3.2874481279420458,2.227646239709321,,5.361189619009886,,1.780773187040097,
51200000,2.834655282073635,5.250544663275162,4.093614243478507,,2.779895684257459,,2.892532763752806,,2.1440709685288866,,3.393256630414617,,,
84355004,4.571371138693103,,5.073732622795442,,3.2834814008430055,,3.9670723132746155,,2.3561777975448157,,4.27682536627258,,1.952662017819491,
160620041,3.031025496042616,,4.922481458981275,,3.197626974078865,,3.570152944646659,,1.9352992466276053,,,,1.6957210982655988,
64340006,3.483256138847797,,3.568612538629008,,,,5.006910861932208,,1.9337544956401327,,3.1386613678133877,,,
55620024,3.014246588038577,,4.347978351396606,,2.513231179451691,,2.4320394798526506,,2.053721011751571,,3.2397372060947074,,1.9437844285042143,
33520060,6.423526046625966,,8.705200832085115,,3.4851815609352013,,6.251620270408529,,3.0166920514915354,,6.343063458937525,,2.9173026400663957,
31010000,4.618584580818131,3.892579469169074,6.837659162393334,,3.2700467792523296,,6.149854495346467,,2.3139427797135426,,4.571744875149344,,2.2480873410318725,
81175011,4.209638819055025,,,,,,,,,,,,,
33515403,6.585303228024539,,6.464985383992586,,,,,,2.7667233255151866,,,,2.493174009126867,
100460118,5.816791534621239,,8.156095884437743,,3.137858385881548,,5.457838154714933,,2.8480290757916054,,5.5435387515968255,,2.602012515244968,
83170005,,,,,,,,,2.575424911854221,,,,,
91715102,,,,,,,,,3.3638302334368397,,,,,
81365001,3.8084996068867025,,4.908068179415065,,,,,,2.0213544005663118,,4.440668983944943,,1.994228212439774,
66330001,2.7815660577017773,,2.8531611386587894,,,,,,1.7621831626851545,,3.130338013147969,,,
95730114,3.2864795377054805,,5.213654116409159,,3.102325489756748,,3.867162566439689,,2.147262766525436,,3.2833994802100563,,,
150905052,5.453635704506537,,,,,,,,,,7.695390972498132,,2.272119816521455,
83275002,,,,,3.3146779610029866,,3.783073838038702,,2.8184462322306008,,,,,
10535358,4.235587929222395,,5.514395406891221,,,,4.053253003730522,,2.546769418391991,,4.648584776291237,,2.4484318882124048,
146285201,3.615531964668932,,5.347408165397997,,3.2529892083610004,,3.39699510528882,,2.262050265637232,,5.355441968112697,,2.0381675072335925,
64390008,3.822696092724486,,4.433737293246869,3.947734328256665,2.6738195632012243,,3.5866679203974803,,2.0913633333622417,,3.8430342865407128,,2.428371463625381,
96775621,,,7.79400479949264,,3.5965422193879886,,,,3.2326344759842014,,5.2336891798019405,,2.4715276512666846,
64350021,2.897945015414756,,3.120433441727422,,2.866771008825418,,2.4611581718143736,,1.8265170045305232,,3.5479121221296808,,1.9945312491570495,
120735051,3.6947185880995326,3.568692721076059,4.548209784163291,,3.3212891859743987,,4.329986600760694,,2.301681747475382,2.7906514610984057,5.068815910110904,,,
51160000,3.288044840218275,3.957973816685002,4.8095703033990045,2.497307178747855,3.2021539672738135,,3.0771791912242925,,2.2259772461823553,1.7145469373528066,3.2291763241383107,,2.1171138339758406,
97720163,4.50148127518561,,6.153389513757829,,3.123189809353178,,3.374232189532857,,2.3376650316407375,,4.025741477968234,,2.093734578235809,
53740044,6.173737032753486,,8.318375082162785,,3.1579973744829175,,5.414594556109249,,2.7359203381196164,,6.205924972474487,,2.465081902716841,
100460116,4.415120961319665,,,,3.690515300956786,,4.195272467857448,,2.4481146640538154,,4.432252316410589,,2.1122836297771093,
81185008,4.517037445512345,,5.029135772852536,,2.9817286394276854,,2.446798159480733,,2.1398287821269895,,3.788946702176009,,1.8757505871890765,
53780028,2.4097133341438064,,3.9933780090085427,,2.9567034743666767,,2.4583055187266325,,2.08722361750638,,3.058850504650107,,1.787220336147786,
94740154,6.443842656434298,,8.052077104724548,,3.2699452869893024,,,,3.0824869660392737,,5.941136732734009,,2.0263918939995613,
10585803,,,,,,,,,,,5.276866319759332,,,
64380008,2.677976792935142,,4.0106895745103985,,2.8026474331302076,,,,1.8925461732881728,,3.2810403015504015,,,
64380012,4.177139948736562,,3.5127376909429575,,3.9430501739645565,,3.8701777445739607,,1.8679910394765917,,3.247870601749118,,,
34595403,5.834932232656433,,8.339688045191537,,3.5427514332197125,,5.401763182182041,,2.870341250834335,,6.819247249880971,,2.622851364573327,
32510037,5.653236640463191,,8.591739218728202,,3.6989577331484504,,5.272235992683903,,3.004473367308182,,5.315494598388507,,,
10575755,5.49211168616595,,8.786440110778175,,,,,,2.9113062471499207,,,,,
51700024,3.752211162780978,,4.404940000385375,,2.8037132880261155,,4.146227809133343,,2.0902919370013335,,3.3834555399985766,,2.0123566613074235,
57540024,6.269939796864248,9.574768008189398,8.17966383333029,14.297128562196807,3.371061174056962,,6.053106533737312,,2.8533485259032156,,5.938243951362475,,,
53660008,5.563658316741522,,8.589222947174726,,3.4186388188755257,,5.345488588808177,,3.091008327539577,,6.438927390640231,,,
32410011,2.5315149936111583,,4.298566094196642,,2.878916905125983,,3.585101385805852,,2.046326976615784,,3.0619977196523087,,,
97775748,4.439406156340355,,5.901274883957986,,3.2319774417131755,,3.759816400406971,,2.2053956732318722,,3.6962395879499157,,,
97785764,,,3.8409905389586134,,3.2135583627642945,,3.7742960845822653,,2.289976224322244,,,,,
71375008,3.3299536944109454,,3.832335968054871,,2.839494024571149,1.3862943611198906,,,2.112940084434694,,3.505764608552875,,,
33520050,6.053515060086284,,6.264423329216991,,4.432517860653531,,4.825238288652167,,2.7357069705214845,,4.956874510975205,,,
97720223,,,8.806557636682381,,,,5.40506816492187,,2.870512085271792,,4.627699954765554,,,
64380009,2.857759685417361,,3.5247941110490197,5.073064527062634,3.357432605217242,,4.40214106217387,,2.167226992532785,,3.0753324719110267,,,2.1039312148388487
33555402,3.7617928935645963,,4.892615805508526,12.019504445838825,3.3259042858888312,,4.216794268790076,,2.2636162081436195,,4.659253427134367,,2.2707749122207264,
95740123,3.073358071683369,,3.243235289685013,,2.7973784932453705,,2.2215993459137713,,1.7038715302751166,,2.8690851669782305,,1.8222220518457801,
72325008,,,4.455068699009091,,,,,,,,,,,
94745420,4.679837927217161,,6.662949457723387,,3.613820282248022,,4.549282077271757,,2.423434713323657,,4.899194700100714,,,1.9207428256598522
53740008,3.890058693682308,,3.35397210675997,,2.6863987168672776,,2.6217999913487526,,2.100129457290099,,3.893386145825843,,,
53780032,5.135896089624498,,6.345738369371523,,3.243936360924418,,,,2.6841323382124638,,5.771989282904539,,,
96775620,2.8684495976463573,,7.695772662927221,,3.5819634374235125,,4.775566158247123,,1.99546853319714,,5.738709897562978,,,
73190000,3.5285800516875243,,4.303717824201218,,2.8444380987519824,,3.227551070694318,,2.168154122181743,,3.88143526307241,,2.024632705283617,
93720116,3.772927583915182,,4.828942493685129,,3.4716354039535036,,3.232987332549607,,2.258162060944248,,4.077460425514405,,1.8861868608276737,
95755518,5.969140708079801,,5.628675022865754,9.896245875439073,3.7188471220959634,,5.631423638090185,,2.7317368195066445,,6.466960868902412,,,
51540008,3.728789067246808,,4.643758093605806,,2.9151241208326693,,,,2.379395734440186,,5.257129076115259,,1.7877088646022277,
91630000,3.2463167514524285,,3.7210587606628205,4.671577190172345,2.7476286021517535,,3.3384185749284567,,2.0475141895479028,,3.577007357391476,,2.083654838190095,
33555404,5.3608942860057835,,6.355636517300746,,3.830802941956269,,,,2.735168255586627,,5.732911625434824,,,
160665050,3.131160515673208,,3.728810563129964,,3.384351287014169,,,,2.1988833356868374,,3.4914094947165566,,2.0446162824856557,
93760149,6.1050472520309444,,9.197699319849766,,3.9700106974711975,,,,3.0068013361745187,,6.620290104779554,,,
65310013,2.9184435766170744,,,,2.7546994123547166,,,,2.309979932720638,,4.5058715346641804,,,
83265001,2.8768573557534194,,4.6526650758516475,,2.852302747719899,,3.5286300828401806,,2.0832751709267305,,4.153195192573337,,1.8621072825972074,
91840130,2.6538219640076557,,3.7520128707936466,,3.050269653949411,,3.510346758679736,,1.8926050207063436,,5.061581583585558,,1.6922194761338383,
94760146,5.49834991550107,,8.408815183502622,,4.053406575279326,,,,2.7934791906403014,,,,,
84150059,,,5.619347720490484,,,,,,2.3202019357596826,,4.032897960361913,,,
65320016,2.1718863817031657,,3.3069574236886736,,,,,,2.326545127431575,,4.343858319340692,,,
53740024,3.240238581823352,,4.851450253962915,,,,,,2.0056691234836146,,3.4992083668654055,,1.803830128265763,
65350011,3.8495585726132946,,5.296855179173879,,3.292843761073221,,3.9574235910115196,,2.4476855135492976,,4.542241722747682,,1.9030673246925194,
97745731,,,,,2.98725899640399,,,,,,,,2.9729446327767484,
95755522,7.06556104268567,,9.846389424401178,,4.558453900693697,,6.488483494307074,,3.248044178011623,,7.621073797439485,,2.878058243605388,
95720135,6.389690822536159,,7.8440158136114535,,2.864268923262266,,,,2.984457732012945,,,,,
145230450,,,5.857388565988297,8.931869755987403,3.881551733405048,,,,2.3774177513855674,,6.083919441361128,,,
71340045,4.465046717324436,6.244945514173742,5.249643013856286,,3.440949217473558,,4.0875622244399645,,2.341522629300388,1.7714581286528344,4.918324250198918,,2.084802583446527,
95720115,3.240283931289047,,3.4064816163135214,,3.7044659146887544,,,,1.983497136569605,,3.795051792059466,,,
84165001,3.2642358127598423,,4.8939306806605325,5.335796732771621,2.7306257348950282,,2.577996588654093,,2.1487088823585627,,4.08056038302985,,,
71335010,5.139613200170585,,7.564336908134118,,3.6557092008328427,,4.918515352000821,,2.623660192787524,2.250327832997854,,,,
93760147,5.712904980391162,,8.376042798010381,,3.733894459583716,,6.398608061303179,,3.1627766058793663,,6.0212809717460285,,,
53580048,2.7522281443680354,,4.68079348098007,7.688108899400231,3.1690093205861785,,2.8995132455351715,,2.1138554176153206,,3.8981257703225567,,,
66330029,4.378332950365099,,5.3659570990411405,,2.3095521442936673,,4.863370189307965,,2.548401091690958,,5.236968127970654,,1.9054141137278995,
91800124,4.140337380596791,,3.3847552783206947,,3.32744436384621,,,,2.200306915229061,,,,,
146260110,3.210019701070268,,3.3810734224430887,5.00017425164192,3.128396381098123,,2.915684352530378,,2.181039058825236,1.6471338251464425,3.91604480393975,4.3667071058754265,1.8562495457083756,
93710113,,,8.760720909895369,,3.8384894828288325,,5.635078889460111,,2.871548128564755,,,,2.4353108758914868,
84350035,3.1994238232961343,,3.72181869240227,,2.5679826562922843,,,,1.9346743052834814,,3.753144919919455,,,
95755521,5.273311598534837,,8.159870823612717,,4.3064333595915425,,5.21050732974843,,3.0893689403405014,,4.936212226395811,,,
93750179,2.890944548452147,,,,3.9670547475730995,,4.907755860047935,,2.307803692053107,,3.729913207176046,,,
33555407,5.117296614345895,,7.23364476160262,,3.5063784452175066,,4.0624002695894115,,2.4929584900576125,,5.238713705719818,,,
91720111,,,8.033432390926361,,3.8571453600611085,,,,2.167347673249832,,,,,
95760121,3.8368591748086573,,5.664449135962545,,3.0938480776118404,,,,1.9556337935642403,,3.300359149543694,,,
95740139,,,,,2.1773201343179176,,,,,,,,,
51580020,3.129049589108076,,4.701134621823488,,2.8831261125467016,,3.7539770530219094,,1.9672637592671682,2.025510173065924,3.0977554126343105,,1.915642384346818,
51660012,3.582794927260197,,3.259500583612911,,2.8995212121559,,6.133416128881409,,,2.280113607453741,,,2.116810664084162,
95760143,3.1660214873350965,,4.1825715981732206,,3.35993186286474,,3.521713352607974,,2.0745534931932474,,3.6319894026386836,,1.9152037838564386,
82150096,,,3.219138158486012,,,,2.3169491498189214,,1.8452453128103627,,,,,
10535308,5.628756741875985,,8.873760510313387,,,,,,,,,,2.414035474252423,
130720006,3.002408028796351,3.966411905014342,3.5993522402018168,,3.1293729513739,,2.4574291694921993,,2.0800449241236767,,3.3707632061569828,,,
130730088,3.3810713750434975,,4.780533948721032,,3.254887265460954,,,,2.1321530611117456,1.666798747666357,4.2348079654283275,,1.8920933092563883,
32410012,5.326370860538216,,4.9680216872091245,4.626282880496985,3.152691978949884,,4.115531592911937,,2.408004591973788,,4.812881842360613,,2.1664350191128494,
82265010,4.9266750661714545,,6.8382162842332095,,2.932664111176501,,,,2.3481177811590097,,4.433956665163297,,2.1306661491284555,
33575406,,,5.092671492831006,,,,,,,,,,2.17423059769954,
10590045,6.159929233111448,,5.927444850652289,,3.2149148092956628,,3.871156601104869,,2.8477260012930743,,,,,
65310008,3.613389566768736,,5.413406750199127,,3.6456042453842845,1.3862943611198906,,,2.140334808451622,,,,,
53820028,3.950475997123817,,5.8701682710436165,,3.3260292901601343,,3.083903182671308,,2.6748969099214164,,4.753006873762804,,2.4372132113203637,
51620008,3.6213599207398253,,4.785625955854599,,2.6751643283945006,,3.3614950168334983,,2.1796121276781353,,3.8939064801939725,,2.1700724813227295,
93730160,5.908700996319853,,8.760085809950397,,,,5.396039309179163,,3.0042796497748236,,6.396368143766079,,,
97785768,4.970173433883158,,6.551867758499496,,,,,,2.619144006574388,,5.032806976216561,,,
81365003,5.825077613887598,,5.529758836156818,,3.3159839049305466,,4.572075257840353,,2.6757064582115233,,4.935791379434991,,2.503522430207495,
71315001,6.135882678251151,,,,,,,,2.8525857238110603,,5.823397774495748,,2.8620411514244726,
91870165,3.242542172966465,,5.007814911703298,,3.3312587245786203,,3.4691472351045554,,2.2233570970034924,,4.1122441575884485,,,
53700020,4.72754098488277,,5.623449250814631,,3.273537605626642,,,,2.5183540309984704,,3.7443265310321356,,2.27160904022273,
73355008,3.545455037986391,,4.3451080379878535,,3.238803209607501,,,,2.142195059303763,,,,,
66320012,6.109382214877855,,5.251291845099764,,4.010918303530651,,4.823736930382265,,2.4474429037995526,,,,,
55580040,,,,,3.3666988574562287,,2.1836301519225754,,2.7446089686637745,,4.303150526849124,,,
64350009,5.172126714143342,,6.348803403346822,,,,,,2.4706998061996512,,5.727981411085631,,,
150900535,4.242886736897908,,4.394011972762251,,3.5288366125837065,,3.447634575146407,,2.1693232015844153,1.551628543977497,5.670143575386497,,2.004288463135644,
10530090,3.116922195118734,5.5189131819568695,3.5980661572649244,9.82585553735402,3.4655286651902357,,2.4195606153198463,,1.9624307335305242,2.1789557385008873,3.6067564903940763,,,
91790145,2.8421594124054335,,3.8346112119095808,,2.7548325794393675,,3.6111882785854803,,1.9008217884703524,,3.4364928175555067,,,
73365010,3.2292267468515448,,6.183530871129723,,3.3283808781096234,,3.0292106517209,,2.635178975540832,,3.976813022832937,,,
95740132,2.849394898073568,,3.228609221213607,,3.2778887463150106,,2.397057464217163,,1.7961935198203234,,2.8703580160868776,,1.7075260036363702,
160670029,3.0728328964487996,,4.671148998451113,,3.115582857035567,1.3862943611198906,3.0366896618868524,,2.040673075321875,,3.993367331713215,,1.671098685366077,
91790142,2.798761232877878,2.2309701847169423,3.120778807412504,,2.8923326244437666,,2.6643698479437545,,1.8112571606927577,,2.958355426201387,,1.6024434538205095,
59740016,5.463270112618052,,8.579813142255885,,3.508001453966135,,,,,,5.820678079288714,,,
91880144,2.3509292147901286,,3.9209281467562964,,2.276464063048188,,,,2.0163541439025563,,3.9692681990108003,,,
84360049,5.353847965209604,,,,,,,,2.5433903258580495,,,,,
130730035,,,,,3.081908845264227,,,,1.9254950261548047,,3.046372207819528,,1.8665922754379265,
96760122,3.3850749887554135,,4.2831496486183775,,,,,,2.1864955513048163,,,,,
95760132,4.204899201251766,,,,,,4.1048300075420165,,,,4.756110435099783,,,
96730114,3.4841473082830174,,4.001990792539191,,3.131249545805188,,2.701455192827825,,2.2117112320087116,,4.301030902050959,,1.7520187385657122,
82155001,,,3.3938463003180885,,3.137605879396305,,3.4558314778914916,,,,,,,
95710165,3.241280878360895,,4.418908116939458,,3.5209926202567887,,4.467760726333784,,2.4163921488531983,,5.174029631539724,,,
91850158,3.3198819669848834,,5.339519384338157,,3.2854311705186956,,4.410659020019262,,2.22294142259225,,4.765623599615017,,,
120680468,5.2542383424184225,,7.2881645642847905,,3.7530141560756975,,2.4276795521191725,,2.1356490290692944,,4.2532996260219145,,2.4844948871030894,
53620008,4.185565057622796,,4.406608594730911,,3.3050417269268655,1.3862943611198906,4.100348215873144,,2.2268988820182516,,3.0111678701761573,,1.6012138193533452,
91835148,,,4.919624145892593,,,,,,,,,,,
55700016,2.9666120735023656,,,,,,,,1.771488427954813,,3.560814960618801,,,
64400003,2.751599457887689,,2.9884900435425887,,2.929378898561831,,2.1832043566595947,,1.8261708547606197,,3.1792237583671397,,1.679080852790071,
64310011,3.3346928102650737,,3.0013242490721574,,2.938803708422838,,,,2.422592717660411,,2.083476366347891,,1.8703332423831753,
66330015,,,8.295058626559912,,2.8238986156425177,,,,2.6541485497563975,,6.005588569615666,,2.5995995890439505,
55580024,3.401476616191586,,3.80439925526599,,2.6197410923771494,,,,2.044824907045921,,3.8840117968956314,,,
66350019,5.079902970137328,,8.97262194517692,,3.9820125860229845,,5.593240915287249,,3.0920428304344956,,6.57044614487899,,,
97755741,,,8.786333067190583,,,,5.793251601107334,,3.1576715931452988,,6.516409321527094,,,
150880065,4.15296219607796,,3.3835215713665185,,3.6858714541603463,,3.647637641335441,,2.2739374180461884,,4.6261519297149025,,,
66330028,3.065484192662543,,5.335895273330288,,2.841084092219923,,,,2.1964674190870515,,4.065374579830391,,,
91890145,,,4.150664471601268,,2.9292036802978125,,4.288221799471905,,1.9478303064877285,,5.470260946811211,,2.3265435953328675,
95725514,4.896212807834829,,6.226295102182159,,3.00977375470278,,3.862112952944864,,2.52584433740697,,4.583612654212041,,,
57660056,,,,,,,,,1.8463900369904633,,3.7702554447429537,,,
57660020,4.042416737287664,,4.908090220751372,,2.7165233752240328,,2.657954063087989,,2.256718221376989,1.9518847360927323,3.6617077858689857,,1.7966105279771396,
59700020,2.612395191325305,,,,3.1521929175367234,,,,1.8290793548491007,,3.515300310357754,,,
91730135,,,,,3.5129894575838945,,,,2.5170387008096182,,5.622061365287574,,2.3067125187461017,
96715604,5.672598804284873,,6.766081516208267,,3.7612761040021394,,,,2.038760664258488,,,,,
31580039,3.551972455155711,,5.276030661048819,,3.4287601142099104,,4.160284351962867,,2.3856573593415646,,,,,
53620004,3.191050836856937,,4.925747447241763,,2.7790085425680613,,3.8282140238302427,,2.124546649415086,,4.400953553161999,,,
51660016,4.283905651143808,,4.289992264437909,,,,,,2.354457040957427,,,,,
81195003,2.4665449323051707,2.6379473540523364,4.6221925394093635,,2.987704629900293,,3.6974224837355494,,1.7997964721070867,,3.439129038057212,,1.5719964955303523,
84365005,3.313215619254291,,3.994505970130436,,2.719736398911155,,3.026393034158034,,2.076971856619624,,4.658265507957105,,1.9087267093711824,
91870117,4.268969536249888,,4.409911294235516,,2.6397513820191656,,,,2.3264532096640913,1.6264376421690887,3.7153432684307184,,1.7435488120849436,
97740144,,,,,3.4857893225750196,,3.6119745385185342,,1.8945642859268266,,,,,
95770173,3.8613987155683107,,6.10077219295767,,3.6496897333289913,,4.960141254915133,,2.50594489432641,,4.358928772416809,,2.2679568719428422,
73345006,5.9298114884467665,,4.265303852865347,,2.786955249902096,,,,,,,,,
10580043,2.399987965110146,,3.4734699019689343,,,,,,,1.658474540946319,,,,
96710130,2.905740416709792,,4.332707700649447,,3.007351469191925,,2.9080789305631383,,1.97204644126622,,4.306311777476793,,1.7427944301074005,
73130000,3.18266641873941,,3.7130848091979076,,2.595722336594749,,,,1.9532011858007383,1.5522397757274886,3.2375528508367166,,1.9259233837174505,
64380005,2.8334962974951896,,3.8351450908141302,,,,,,,,,,1.5795402366749618,
130715161,4.4028259892296315,,5.576442342645677,,3.1905686122352552,,3.5343990974827335,,,,4.542641333859563,,,
91840121,4.785988260066456,,6.185549911841637,,3.371481624204473,,3.936221767467561,,2.3048858076574663,,3.938492963150031,,,
32540021,3.608335815751619,5.91575168778029,4.578069541959339,,2.969441384335062,1.3862943611198906,3.2104174251003905,,2.186289739285997,,3.853324200567339,,2.074473327145804,
145220180,3.3968620090622546,2.461244240319144,4.750015376086095,,3.087686387738405,,2.4637385415421402,,2.0060136536681323,,3.918265595697706,,,
33535403,6.0917647844558385,,8.700450017634054,,,,4.605530154676802,,2.7730606535985585,,5.788886891673829,,,
130030000,3.425310574656034,3.909683426859637,4.611101233667284,7.087979504121412,2.859788955656485,1.3862943611198906,3.1097536869026547,,2.2178674460948167,1.792515083933379,3.733589901468355,3.1873753969783034,2.0909423552019866,
59740032,,,,,,,,,2.6730810180420224,,,,,
145210020,3.096259880543637,,3.5229948062077563,,2.748898474820452,,2.208934649510866,,1.8899693127974484,,3.341480939470007,,1.6120258095971596,
66360003,3.311700290884859,3.421963638357327,4.137695811925173,3.494930554866731,3.205242213860476,,2.592392667190317,,1.9748991484146439,1.4792642315813909,3.7044609218411426,,2.0215813619331358,
91750127,3.8624631962736826,,2.895369381820363,,3.2129504440841097,,,,2.0600168827760634,,3.222803664621839,,,
92740113,3.2456417464969434,,5.112860424848577,,,,4.755582092866643,,,,4.0789287095343125,,1.9198402453475745,
33605405,5.03745309717153,,5.691064273767616,,3.6822751307853268,,4.634174998067009,,2.3065219175418443,,5.458335441018021,,1.8075838399169135,
66320009,6.119220789824421,,,,3.5442273399521844,,4.20102721459472,,2.8277151910196308,,5.962698563367225,,2.4939647359697625,
33525407,6.467481397772958,,8.570782776464178,14.42103218252737,4.021098975077052,,6.145255467807949,,3.00503841877728,,7.3979104162260425,,2.1928205751373238,
96620000,3.2780523235719263,,4.583599277684344,6.631324157761933,3.0063991426786103,,3.8610121571266753,,2.008286677408299,1.5568019492818213,3.7367626537895005,,1.6904051833620393,
59780016,,,2.965420187080354,,2.719736398911155,,,,1.9841811935443536,,,,,
81185007,4.204229235191124,,5.767609308583032,,3.261522067097548,,4.0910983410959165,,2.272585689979308,,4.205945573738453,3.57274087888214,,
94760145,4.036214035410881,,6.047525161359937,,3.4260371484713046,,,,2.139377798531988,,,,,
66360001,3.4480499619236737,,4.608046257474916,,3.2514556937016574,,,,2.045673029337723,,,,2.1038373884237123,
55580012,2.966089324348397,,3.431698208028103,,2.2407348903068147,,,,1.9539251494889776,1.5412460285951661,3.593155850270709,,,
34510001,5.393355005985358,,,,,,,,2.217697397734863,,,,,
72315009,4.146012925787269,,5.63955361341546,,3.934096548594423,,3.940844825583832,,2.4691788425411914,,4.7684139400884495,,,
59620040,2.925117240950043,,3.4240414143179523,,2.940286761558566,,3.091363690308752,,2.0074431428107995,,3.8718300576751035,,,
97800112,6.084344451650537,,,,3.576699209866369,,,,2.9241449994237962,,4.801227506992906,,,
32410004,4.239572234646133,,4.699675703936576,,3.3145469430839523,,3.149563519707473,,2.2942224255149366,,3.52057551003651,,,
73345004,4.035992263608418,,4.936245382970897,,,,3.09635197817459,,2.1565746469961353,,,,,
91880121,2.8944718632413866,,3.4360477434681007,,2.869419981600206,,,,1.933890205212684,,3.391316312788091,,1.8737419316988508,
83175014,,,,,2.683134479104148,,,,3.326760736064024,,6.085711747649578,,,
66360004,6.483049868273734,,8.651169470832125,,3.639626651029831,,5.397384127009983,,2.8377600501889826,,6.002032345130299,,,
82165002,,,,,,,,,,,3.9524842955018236,,1.987142704232109,
91790126,2.4787095656780713,,3.5511058775581774,,2.3942440351454914,,,,1.8022162705545597,,2.8250975191616816,,1.5953194056205333,
95720164,5.878421483065216,,8.269195215445357,,4.146053002720145,,5.69882734779033,,2.7918699614589126,,6.071245431031342,,,
59540032,,,6.6826311959210125,,2.949107372751721,,,,2.194540372776193,,,,,
100430117,,,4.502044535451677,,2.3894563984900943,,,,2.3740395709896602,,,,,
82265007,,,,,,,,,2.9026469855573027,,,,2.6660209413178624,
71335006,4.344553056991275,,5.818176030912284,,4.029337960941949,,3.700849748943383,,2.2706610344672296,,4.847439822932137,,,
160665014,,,,,,,,,,,5.690676343295508,,,
92630000,4.350199508597441,,5.199607031235504,,3.524406357772715,,4.214255484534236,,2.1433578792837014,,4.598518715029107,,2.158838535601267,
65330013,4.522722957713482,,4.253449073248906,,3.5428392862828693,,3.6269164969833536,,2.133108365570895,,3.801411043045056,,,
57620036,4.163783997710883,,5.9385732818997,,3.4179586200527967,,2.6083898041482585,,2.1586122918075956,,4.5969813399793,,,
130710029,4.062344383658383,,5.080187890138029,,3.171146574603523,,,,2.1618315195754345,,3.4898197419874024,,1.8900062832639577,
59580028,5.848272981012448,,7.537153405012875,13.983094001683664,3.7255685856643845,,,,2.9763957847367073,,4.754028715324802,,2.6419878547262003,
83175005,,,,,,,,,2.5130457854705868,,,,1.9522824238937513,
53620024,3.932493578887377,,4.934115306118484,,2.4117738987247033,,,,1.8596183336279104,,5.602831599981906,,,
81190020,2.0594686173106753,,3.0593673483251544,,,,,,1.9098567567858713,,2.904028154880019,,,
73355010,3.5877650705970474,,9.400096924648595,,2.8487576449877134,,,,,,,,,
82260084,2.9296570093607266,,3.3222160398908858,,,,,,2.1603027676281,,,,,
97795725,4.423080613682478,,4.052933706558522,,,,,,3.1636446865397128,,3.79246762509142,,,
65330003,3.304976259723109,,3.8488672594547877,,3.1960645651738013,,4.0036785592408455,,2.3791242150684457,,4.748590314001543,,2.5149901185483796,
97730125,3.1903671167844054,,4.568818177836706,,3.5998167925795244,,3.687239114151871,,2.138637866681474,,3.43305495726245,,,
97720184,2.4974686686816545,,3.640891121316467,,2.633652286930267,,,,1.9470257582940558,,,,1.8123555215715859,
130745454,5.691717170951865,,8.521073892863779,,4.108343976875815,,4.061186275526465,,2.790058935807455,,6.744897562726221,,,
97755739,5.529077498591126,,8.812859069571072,,,,4.8735075417354965,,2.8049244000739684,,6.142553879100463,,,
32410003,3.1132849405515617,,3.80373116665753,,2.7973723165102213,,3.085033269680455,,2.104960743464247,,4.040071031570066,,1.7456021678607003,
84155002,,,4.403533255671996,,,,,,2.03059409509375,,3.746014100011188,,,
91740131,3.853027230450361,,4.371706697145278,,3.071432762279726,,4.043162426472658,,2.3989994140098574,,3.8577365694956214,,,
145210370,4.411516022293419,,,,,,,,,,6.478039756435307,,,
100430112,,6.14377743607718,,,,,,,2.183775716241823,,,,,
34545401,7.03884349234661,,9.142572948946025,,4.0645447950624245,,5.7202979816105834,,3.30659492234841,,,,2.8498274010547515,
91790119,2.8605119945866266,,3.769742965679132,,2.2780164496087854,,,,2.515608457288771,,,,,
57660044,2.4118347348640277,,4.890094419586972,,2.7776927565094933,,3.803302593557495,,2.0753516412810717,,4.074502432585034,,1.860390120728706,
96795647,5.04778710511059,,,,3.8447310746932306,,,,3.287336219658457,,,,,
150890030,,,3.823645747213924,,3.320660820097027,,,,2.69046271216739,,,,,
97620000,3.5238157537921415,,4.518720480844031,3.190954718385851,3.179464201132977,,4.138422227528855,,1.935168089100141,,3.458751161225372,,,
96710140,2.3123181304884395,,2.818373297500983,,2.72452684509007,,2.8940262839024005,,1.9868564363066386,,2.820941454027126,,,
150860040,3.456219285245136,,3.7705444173764326,,3.6564525010996265,,,,2.4572134314205054,,5.8148210317473,6.11663473893153,1.5667776493802414,
91720116,4.947517426460531,,6.4945641717638045,,,,4.00241409425151,,2.783030347679063,,4.6554998666283085,,,
64350019,4.405921794087983,,4.052571899329478,,3.117617338726345,,,,1.9669158469350239,,2.8682274191076784,,,
82260038,2.8047543811250977,,,,3.504053445795421,,,,2.5367656508354863,,,,,
59540020,,,3.614421679915722,,,,,,2.592005976683113,,,,,
96710122,5.717066201139593,,7.511810495565063,,3.183358934784796,,4.560390759189095,,2.6724848209889274,,5.54322850533695,,,
32515403,6.186624952658611,,6.857158928626062,,4.843555997357639,,,,2.955005968097641,,,,,
31530018,,,,,,,,,3.077737822545535,,,,,
34590012,4.692804425933507,,7.420134777145657,,3.5957592981205946,,4.355347080362073,,2.484259103225514,,5.720219714399408,,,
71415009,4.576316024494605,,7.514278917256648,4.184920782864336,3.5380515034086457,,4.455015388407377,,2.558520016415946,,6.052635332973519,,,
51580024,2.7914887072857693,,4.659777187957661,,2.6841649521527096,,,,1.8736829046929298,1.5896307210729077,3.1645924800777423,,2.0851416389230235,
91840129,3.6038826864191056,,5.72695330505091,,3.095146280868478,,2.575645959903021,,2.854987493777846,1.4963033817071991,,,,
73325006,3.1813707896143093,,6.543594505318629,,3.9352114158787543,,4.51008639562764,,2.208421242150898,,4.660140450781234,,,
93760119,4.633380986061346,,5.719895004005854,,3.635588088261558,,,,2.664284886371931,,5.831379992251989,,2.7426950962592485,
33535402,5.927259959181326,,8.792567847369888,,3.125815625110068,,5.416540299074981,,2.865931068876634,,5.903835297606127,,,
33520032,5.3204393351152826,,5.377997168651029,,3.9184358165046533,,,,2.3477979066681014,,4.07646254443099,,2.1266309528174823,
32510044,6.105217112852877,,8.811984476575033,,3.481596137085684,,5.635532224051019,,2.9849965588522607,,,,,
97740135,3.315806729967961,,4.341906795029349,,2.7632514974706326,,3.231683065861402,,2.218999642115546,,3.7863857496775366,,1.8176032354393856,
95715509,6.296453264692516,,,,4.177935627747775,,,,3.2238131791399294,,7.683126654293996,,,
91790123,2.4534133183888347,3.0582813845935775,3.175566832573281,7.709235741552197,2.9699454188644365,,4.2462761037518835,,1.8731534694034742,,2.9337775779198427,,1.7807470219667338,
97780173,2.3518365315787157,,4.343735410252607,,3.3362999223810283,,,,1.9097284806087522,,,,1.8009450026353373,
82365001,6.086866246102754,,8.135877002039637,,3.4041748041252653,,,,2.826422460586784,,5.993938512181186,,2.4181761264892954,
94750162,6.710246261308943,,9.719588004551504,,4.251583366971069,,,,3.0463966927814945,,,,,
51540016,4.166948691952948,,6.340678457235548,,3.21957208873717,,,,2.2994136815737223,,4.728446776283199,,,
91740146,6.027491707070082,,7.911477731337698,9.533701334852214,3.3274865535495177,,5.406844603777782,,2.7379747451816185,,,,2.5323201242691975,
96770155,4.63086705160287,,4.790247515420597,,3.572001006901352,,3.432788556258548,,2.1507813688980666,,4.130621318004819,,,
83260003,,,6.347345017825874,,3.2835286959080614,,,,2.374472771991606,,,,,
83365009,,,5.377545237968798,,2.6550973667288047,,3.2595305921409374,,2.31391734972132,,3.7452402144097254,,,
66340008,2.5078342248588896,,3.082252206211911,,3.7955073802079973,,2.6679077023256488,,1.9334303995546684,,4.239586465871282,,,
95760137,,,4.1511129628763666,,,,,,2.136911736428858,,,,,
34590019,3.1191342451560473,,3.4931653766713335,,3.21436203777281,,2.5327894286853523,,1.9399807815360508,1.631614178444352,3.3136421746723097,,1.7336797182051755,
73385004,,,6.4114539966399295,,2.501464551734481,,,,2.7755018991797256,,5.968675565967694,,,
66340009,5.777233567928206,,8.383467933745766,,3.6146267391200877,,,,2.884913238937339,,6.7867301977146415,,2.349789840339094,
91900148,,,5.766792183194811,,3.706401263781674,,,,2.3977264174277444,,4.296243810119117,,,
53780012,5.730556257724569,,8.130552257736401,,3.7185427062081313,,5.532361645909205,,2.9087738377504047,,6.076401308329287,,2.2638518133295844,
33595409,5.242532738253314,,6.6696069795269395,,3.831228232312693,,,,2.806506363631015,,4.750736332899377,,2.618172954856212,
160720018,2.8851065054699747,,3.7437504429919453,,3.3276911912002722,,,,1.931407147693175,,3.4460609583674637,,2.6626176360089238,
65320006,3.0055028412764813,,6.331019379897121,,3.1958186655017338,,3.6984214308572914,,2.336976715985683,,3.8295604608432265,,,
33575408,5.925643250673702,,7.272724329959062,,3.464288866305006,,4.172931960594761,,2.9843447401782734,,5.092097835098265,,,
91870182,3.888292842296445,,6.202802799536441,,3.174427105178198,,,,2.184778622739245,,3.2347435600412986,,,
53580028,3.3107036669006016,,4.318363391349885,3.179857741968559,2.8816604334079843,,,,2.025189127553099,1.514023386178157,2.9941324827389764,,,
53340036,4.22337837252597,,5.9226639411218045,,2.693453174162904,,4.189672032358108,,2.261329210338562,1.9367199895465443,4.270599114213906,,,
91840137,,,7.317549160470247,,3.019544365412284,,,,2.295962099562286,,,,,
55540044,,,3.7487048020214493,,2.923949073747219,,3.605145287785534,,2.135870749515777,,,,,
93710127,6.303477243140412,,8.65050155807063,,,,,,2.862783953971299,,6.019068790983681,,,
64400012,3.016452570877851,,3.2055139933731414,,2.9401924718580017,,,,1.925551002139323,,,,,
120650256,,,3.5198965082155382,,3.945345093785123,,,,2.648737027703646,,4.714795314793435,,,
130765659,,,7.79788214821524,,3.968073336785924,,,,2.7685646619192887,,6.512715521498518,,,
53820076,3.208520367587351,3.0078053837024217,4.512740039818968,,3.233722867301614,,3.1637443027638175,,2.130404499339082,,3.1264829798118647,,1.9855697817994775,
145235125,3.393807257909471,5.966675032745844,4.186541532807442,,3.456579015588537,,2.6485344318707833,,1.9872648130015063,,3.5893388621872333,,2.2139346278860126,
73375004,,,6.094516186301141,,2.928469819476728,,3.1941830959732993,,2.3033705899711023,,,,2.0029373008457716,
66350021,6.358605926611719,,8.89167072343604,,3.8075971876002814,,5.73397736290069,,3.1680419085579126,,6.556788501554217,,,
95770177,4.042382355689593,,5.3281162914554,9.777770600281277,3.162379852823881,,3.67601228530026,,2.2060572591840963,,5.1076180586346425,4.56204957349964,1.968472933921567,
66310011,2.842941132116083,,3.4893122926567637,,3.376342338867129,,,,1.9124204919391523,2.112432985973553,,,,
93750175,5.244193343322036,,7.896239071349344,,3.690874244014342,,,,2.7333408685520584,,6.6010734628198415,,,
84375006,2.671619941060436,,4.99368541916495,,3.2166001875485155,,2.593193051495991,,1.8878056125829228,,3.840436678852116,,,
10550012,2.8560459866336108,2.9838869418711966,3.648319041927211,3.924591902731513,3.1731989145585944,,,,2.2181670474108564,,3.2312905835486476,,1.8226231320675452,
95715502,6.135151524407534,,8.145835154900794,,3.3653509099238006,,5.469867653278181,,3.081530407379513,,6.382326251836404,,2.9882102053227313,
33530005,2.74649227139889,,4.1029702407225095,6.485601575049815,2.851038238136749,,2.890880694274821,,1.9254890502949067,1.9327168872423663,3.2552711004390247,,1.914962992094484,
34530002,,,,,,,,,2.9618770123840146,,,,,
64400019,4.534700873961766,,6.277812446051087,,2.891836909725883,,4.471969322320708,,2.7097622667703627,,4.99483475543692,,,
150870031,6.110277582826333,,4.887688606923282,,,,5.728703661647896,,,,6.425667944406709,,2.3140254839954815,
32515406,,,9.060263374312608,,,,,,2.4157020977580808,,,,,
53660020,6.587997558416859,,8.72649334510497,,3.3502221743617717,1.3862943611198906,4.409618871461006,,2.8445813554915085,,5.147772914410152,,,
34510004,,,8.003654773915137,,3.370890678171281,,,,2.8912202823366946,1.9187094115907386,,,,
64380006,2.5007803433517175,,3.22115978613158,,2.675075420878015,,2.6501468895557103,,1.850623357627156,,3.509996718717139,,1.7795808581183523,1.6518117637294525
82375001,,,8.112170379692385,,2.7519999816761977,,,,1.9419292593744393,,,,2.086001470041376,
10600044,3.0278037590861446,,3.873194990264197,,3.1051023614012103,,,,1.9090835264814767,,3.487306081897458,,2.1003960402052715,
34530013,6.1417785833440774,,8.713602507038319,,2.38376410823181,,5.484141002380982,,2.8991240175437003,,,,,
53820004,3.06106290372881,,3.2974546323851373,,2.549353746102793,,2.1910930101637516,,2.071075916321649,,,,,
57740012,5.86934172696791,,6.097801119877077,,3.507165229486445,,,,2.829201038417186,,,,2.156889024067073,
64320016,3.5219672693240036,2.3326642888344447,4.435160436089192,,3.4591004371136163,,,,2.036605120184014,,3.50871482534665,,,
145230020,3.0152623490530828,,4.465102747360911,,3.1442870926265982,,3.0503083552511328,,2.038015857360502,,3.870641052632203,,1.8456507475056971,
160640046,,,6.111911071537973,,,,,,,,,,,
93760141,4.009407771095904,,4.938201610045187,,3.4830828115259194,,2.7533460199743445,,1.9847419540714997,,4.304932454984332,,,
51580012,4.612329723306124,,5.4648861907634,,2.831350300141603,,3.9840090850775374,,2.3954713080971466,,3.960076294971454,,2.2020406024402766,
150840315,6.187448507794505,,8.626481815924743,,3.970364120551573,,,,2.822375050357525,,,,,
65320012,3.6602854152840623,,4.670666635068416,,3.0068113845179916,,,,1.9356688669601332,,2.9103223058867096,,,
65310007,,,,,2.8248108589305874,,,,,,,,,
53820024,4.323518278055559,9.375404188172448,7.687208287324495,,3.1387881382628717,1.3862943611198906,4.64165077123367,,2.5426131780987506,2.248931213434913,4.676777562395006,,2.2534334071275683,
64320002,3.102143228769409,,3.415456864143277,,3.130627871290357,,,,2.3032937172988888,,5.129815263554345,,,
59740040,3.1306813901467634,,5.587684928026093,,2.987302827149834,,2.3799037081790764,,1.9541205593272606,,3.053529267994724,,,
91860162,7.104570405296569,,9.421340240903975,,,,,,3.1232769120210095,,6.638155136206752,,,
91865158,5.00360988269583,,6.02427505776225,,3.8536699858303556,,3.9960086538403794,,3.0320231412193985,,6.7639066627198225,,,
91860152,,,,,4.268892836187382,,,,3.608212754447335,,,,,
31590016,3.418335390986347,5.707248719966239,4.102875209107955,9.962469253015065,2.495979249834387,,4.059472241834286,,2.004550693738197,,3.386122442273868,,1.8693105650588495,
150010000,3.4164822509835684,,4.134568600263696,3.6009659143870505,3.045660721772505,,4.31341995675346,,2.1384239554078173,1.9337011710330096,3.560229303373714,,1.7589013916994514,
91840131,2.9628189609484754,,3.5561352999565354,,2.69208362846546,,2.8960594899210745,,2.3110212696933514,,3.097971609608187,,1.596752969901122,
84155005,6.222429989494253,,7.45247980778371,,,,,,2.810285860001013,,,,2.4281615079923107,
64350006,3.070976961040393,,3.5395225561996257,,3.520907036373811,,,,1.895588820863706,,3.1674219668324666,,,
51620024,2.956697987821166,,3.444700877015472,,3.0694329846507467,,4.038081066334313,,2.145867811574598,,3.7944661918267224,,1.9742974329576057,
147300300,,,,,,,,,1.929060617708242,,,,,
64380004,,,3.508450868750685,,2.94079301864333,,,,1.9881511879689016,,,,,
64380013,2.88719404101499,,4.419605507498805,,2.7549964183954256,,2.4738405634417613,,1.9605447866375472,,3.1910793376130653,,,
91770123,6.424592085035249,,8.323989175986123,,,,4.178265739351011,,3.054054121166038,,,,,
91750132,3.3391755500561238,,3.630138855950014,,2.611127274138768,,3.4352221671801475,,2.07812785308279,,3.6880854102909284,,1.9322801346273826,
10600039,3.750567450188673,,4.05058720632148,,3.6199032979973516,,2.9411393540981448,,2.197440844747377,,4.298270448407255,,1.967489429422188,
81160077,,,4.909115986480415,,,,,,1.8387998230065634,,,,,
95720131,4.301953865574373,,6.718642033582758,,3.404579198290273,,5.319612508157714,,1.9653477337024725,,,,,
66330018,6.230348423472465,,6.141308706521864,,,,5.421668998216084,,2.647364731277524,,5.903234430547447,,2.020178031944734,
57540032,6.2068319107221175,,8.73337901101111,,3.437046730044666,,5.641280175873887,,2.9497559025474493,,5.941061078713008,,2.3711351592257186,
55700004,3.2125047688005375,,4.2883818248015375,,2.8844188805801814,,2.843393892979006,,2.2364860409833014,,3.770537535854163,,1.8042237060591801,
55700008,3.863831920885957,,7.5712316318159605,,3.2194147265770665,,,,2.275897929408881,,5.704038584733041,,,
84155003,6.313318847232113,,8.081852498303265,,3.328395560500245,,,,2.878671907556549,,,,2.4999478671325543,
65340011,3.5168402904617384,,4.158916372733624,,,,3.1285327781603383,,2.0085118885558386,,3.629599016144454,,,
81160078,2.5447465405359226,,,,2.797160564298208,,,,,,,,2.2139346278860126,
94790169,6.16085205905586,,5.9889554317755955,,3.3690980320505446,,3.774012737891969,,2.453344132913139,,4.476723589358968,,,
160630082,6.139173399790103,,,,,,,,2.8460691375910168,,,,,
59780040,4.143436684403032,,,,2.977646982579427,,,,2.3223817914423055,,5.432347038063775,,,
64400002,3.617406548007585,,3.628512775697859,,2.9553047232757166,,2.4482204353905708,,2.1948935610672007,,3.3237138199921183,,2.484602046629169,
65320014,,,8.716613597613474,,,,,,,,5.355434402413692,,,
92790122,2.8113068644765438,,6.730491021396219,,3.2187543995613983,,,,2.753757223514847,,,,,
81275002,3.5387320822627606,,,,,,,,2.789252040876797,,6.256901388387865,,,
57660008,3.592120421109554,,3.9868524133832928,,3.0351116651746244,,3.8338138720696997,,2.1161953388814374,,4.138674090101996,,1.9377938206698522,
71400501,4.638163165433136,3.038614995465211,3.884042364078899,,3.6117132567972012,,4.524265903870815,,2.1220739055054305,,,,1.8088869058464534,
130750039,3.036477394747847,,4.114977974931284,3.029558016817381,3.323875252618082,1.3862943611198906,,,2.2671725114001067,1.5700799001983636,4.010032434632746,2.707333842418627,,
34540035,3.6314642500174292,,6.580130803033874,,3.4012395237121376,,4.188031030726884,,2.486817560315254,,5.228914718890667,,,
92760144,4.839372728951656,,5.4070308227908415,,3.4184016027776964,,,,2.5081324534715996,,,,2.412524634234547,
73340501,3.0105779007978994,,4.8175834055810745,,3.1570681943513823,,4.20740111864213,,2.2883075633722187,,4.772906749836738,,,
31550001,3.8305520259697627,,,,,,,,,,5.3397702088453105,,,
81280131,3.3122501346607844,,5.847759500316029,,3.6173963335764365,,2.668823821601561,,2.0575516948608814,,4.532397534135788,,2.5626335437711028,
55540004,4.703258634043454,,7.6951824560470525,,3.1214183771027866,,4.646544382003923,,2.1467135140267346,,5.178767739463003,,2.4885828207181686,
73375006,,,3.451798341432923,,,,,,2.230027555740728,,3.1187728680482754,,,
73345001,3.695967552382264,,4.1355011066920175,,,,,,,,,,,
73170000,3.2636001036672067,,4.1257562250174935,,3.1666950666071525,,2.7821705352734623,,2.03058639895967,,3.6309514807930956,,,
34590006,4.1583960536171976,,4.2175009657091485,,3.2425351933239352,,,,,,,,,
10510011,6.64391534432126,,,,,,,,,,,,2.0412147639676252,
10560018,2.429019161482166,,3.568842986587443,,3.967171373446374,,3.4812219755372107,,1.745799659170282,,2.918309071959847,,1.957968480903982,
93765341,5.766263724299315,,7.454229379199455,,,,5.512312585889429,,3.3164487171100356,,5.637457609427132,,,
91840123,2.5664661870899366,,2.6740140785849382,,2.757383239967288,,2.4695637120936667,,1.7985195130625538,,3.219710934543614,,,
53660040,2.965535350758097,,3.7954734605221097,,3.0968300383845375,,,,2.0669317488444823,,,,,
53780024,3.945324859765512,,7.349613028910453,,2.893396792974666,1.3862943611198906,,,2.176028472987498,2.2194206785477464,4.751077132978905,,2.0433229799872468,
97715705,4.357499187964331,,5.7390325643520805,,3.939602713598468,,4.457681712928871,,2.3739612334096525,,5.286613357252433,,,
94710145,4.326365254327844,,7.1206694141585185,,3.956965180999665,,4.747692760412482,,2.642059409621886,,6.38917063059748,,2.5932313181226205,
95720111,6.13431475974364,,8.716906898688809,,3.8346020093852413,,5.484349532320322,,2.7132275149785254,,5.7354988574708035,,,
64390007,4.531647429105211,,7.561339852350028,,,,,,,,,,,
71370203,,,3.99892426369943,,,,,,2.430999147178383,,,,,
83175010,3.3640315343950937,,4.832895280451692,4.06890453379077,2.79082381125749,,3.53950181157319,,2.082350068608828,,4.84622351035439,,1.7465858650481254,
94745423,,,4.251875481225981,,,,3.398057391732014,,1.856638733841514,,,,,
81175001,6.085467493573545,,8.680194415153256,,3.2203458138095695,,5.465428006259715,,2.8031132752484917,2.560455450205839,5.995543154688124,,,
91730112,2.7310317495904153,,4.1215476098314365,,3.1869229391924936,1.3862943611198906,3.6818255456845344,,2.093221674956208,,4.698694723102918,,1.7553174294715492,
91870177,2.753138577614557,,5.874111350563894,,,,,,2.6428845509148284,,,,,
82365004,3.7229742663120042,,3.9559522590180753,,3.3008361615132658,,,,1.9565746164166642,,3.8564740620248377,,,
91900140,3.998173809485322,,4.39563172586949,,3.493754302561881,,,,2.07886209950463,,3.8766471690008886,,,
97745732,,,8.680908092862584,,3.7699893266009843,,,,,,,,,
59540012,2.583089462089187,,4.0481231539544975,,2.664213826555185,,,,2.041033631954151,,3.0710856633791686,,,
59580012,6.167101691033681,,6.482970310485973,,3.674647013466156,,5.505000682497162,,,,6.310969568080533,,2.15690728134381,
33595402,6.277007275646349,,8.404995217959343,,4.398683484245247,,5.456087603521319,,3.0673920470848626,,6.332821545878923,,,
84160022,2.55356269999139,,2.7543407965528552,,,,,,1.670058082864083,,,,,
55660084,2.7390622293223323,,3.1233813558962167,,2.759456838027149,,2.6529569639799337,,2.0239585702793352,,3.4318886802845396,,,
73380017,,,3.1225012568804233,,,,,,1.8991035643088374,,,,,
82250014,3.0706000193979683,,4.854140317246518,,3.0327878613616477,,3.602382858645867,,2.2810152010263285,,3.39819346052567,,1.6625177558469657,
64370011,3.7704373438432706,,4.715086801140189,,,,,,1.9408368437526518,,,,,
81180080,4.372118799661574,,3.2423547847371132,,,,,,1.9798232184928286,1.8116669556918252,,,,
55540020,2.678605543199101,,3.637654868171481,,2.635845442259995,,2.6760672883243846,,2.0807173878643943,,2.8937779878080843,,2.1082956901709777,
130725256,6.379786473172683,,8.580752915227288,,3.5844859632344246,,,,2.9223733840289348,,,,,
10620090,4.880114320525733,,8.545936925031585,,3.211176765351048,,,,2.563840562161777,,,,,
57740020,6.185476708496067,,8.785440896793212,,3.537115645736522,,5.495382029107809,,2.8263935576890873,,,,2.3754575147080645,
66340004,6.187448507794505,,8.71688139437655,,,,5.7515155649239835,,2.8241238665175947,,5.93254098790535,,,
120720232,,,4.2635370810766124,,2.867319802298057,,,,,,,,2.0209931573628785,
160770001,4.160269993687229,,4.417116986876093,4.561976123051396,3.3197545861759856,,2.5660933100868384,,2.2924061571908476,,3.6620880634652138,,1.8969472724347842,
160775051,4.815159863688996,,,,3.3573586247197644,,5.133883521897413,,2.574802971241701,,6.234301624095558,,,
95775532,5.994179232487415,,,,4.0774092154355985,,5.091919825027551,,2.7246064290533907,,6.775786239356078,,,
53660004,6.115159785354366,,6.516672138536343,,3.8239309358796154,,5.39532740740287,,3.042778273078996,,6.554577090551799,,,
53740020,5.23885463916501,,7.50605817260205,,3.4113868245596235,,5.306703746703226,,2.746132595157102,,5.422761804116584,,2.5441977543167633,
51620016,2.2528587829348736,,3.0792190633493064,,,,,,1.754736582437514,,2.806376013200728,,,
120715102,5.986015437656332,,,,4.426107720311221,,6.52599670854109,,3.349202429527908,,7.852322603988351,,2.9630109617984153,
83360105,2.4368880259621823,,,,2.5796819584184574,,,,1.912520341232418,1.51094563238054,,,,
57660016,,,8.85310735910185,,,,,,2.9617998263418035,,6.071700455969978,,,
59580044,6.214954856248016,,7.882590227425679,,3.70945632359328,,,,3.090478205983731,,4.63556838308617,,2.103833688809068,
59740056,,,3.4883385109208365,,,,,,1.817032537588431,,4.090278396933377,,,
73335006,4.967974302681855,,7.094797187367173,,3.4557728996647135,,,,2.4219044476979867,,5.548625781392852,,,
55540016,6.236085950986421,,8.785866589685277,,,,5.427133100403366,,2.635997760877981,,5.938363074451566,,,
59660024,4.631819457338135,,6.020060275743255,,3.0685276925727574,,2.6709369704137678,,2.3507492388303284,,4.854322773540316,,,
145235122,2.9715865135528694,6.844089882353108,3.2455794105975606,,3.2147823530516044,,3.1085464108484615,,2.179361153881261,,,,,
31540028,3.221082165099252,,3.8995149217142906,,,,2.9868997263003516,,2.231911077154926,,,,,
64320001,2.797726007660989,,3.838784034945683,,2.5896212526413387,,,,,,,,,
10530100,4.122655178242052,,4.959827868712449,,3.087295193822259,,,,2.1559809616264034,,3.5758675369552315,,,
71435010,4.193341838266683,,5.345258810303738,,,,,,2.161767700303263,,,,,
91750135,3.39358825252023,,3.9864170755809067,2.5966469368545435,3.2872951457794297,,,,,,,,1.6128966407687377,
33560002,6.079925509591486,,,,,,4.127795801555757,,,,,,2.426521655531985,
93750180,2.8007000742612194,,3.419305328968526,,3.5947115938255885,,,,2.4899202921624815,,4.7396027727033765,,2.762319260311904,
160660074,6.206684766746763,,8.581315936384518,,3.573819927568842,,4.000276167074178,,,,6.026033928166925,,,
94780165,5.489133834907566,,7.655361999543625,15.179502358281503,3.859511336532199,,5.984455117534695,,2.5590967851964677,,6.355209439466897,,2.2345113322515244,
91770139,6.0104247803962805,,8.761721102826382,,3.424507411644219,,5.6913453817658235,,2.9597670317970577,,6.447135448827695,,,
81180046,2.5014554855381963,,3.487064104673613,,2.6436963140113696,,,,1.9906894955944174,,3.0489312837556044,,,
100420113,3.723697990360122,,4.06594661276691,,3.032222791453019,,4.190726845913483,,2.25519119257017,,3.750812043605722,,1.891209178331323,
120650356,3.088556207989809,,3.9239361149581926,,3.4998337495818936,,3.057701306512197,,2.0711519628197643,,3.72457420807225,,,
91840138,2.2881777796847436,,3.5054881191956455,,2.5736304598703037,,2.389097244079148,,1.81724116981767,,2.9150336749731522,,1.8131767071433178,
97770151,3.3840507174912795,,3.714946718263606,,3.2491785628674803,,4.161830862366409,,1.9661000542136593,,4.22565238837426,,,
53820036,6.108318488085551,,8.755272554215848,,3.6783819031419904,,5.437980695762592,,2.892044370307876,,5.667732491664771,,,
64350025,3.333888683823978,,6.729206191235141,,3.096407894689809,,,,2.1258660013597597,,,,2.3805079182896605,
94740123,4.783443479959961,,5.620239024007941,,,,2.0997163549340314,,2.442619880472355,,4.371300503465697,,,
65330017,2.9182076256287077,,3.878640289038307,,2.8665644276419933,,,,1.861410005621299,,,,,
91850139,7.031159804173684,,8.875498354682817,,4.926633023732312,,,,,,,,,
94710195,5.813577733707964,,8.833501920320714,,4.116111567980561,,,,3.1244048188963727,,7.252153312444191,,,
160760022,3.1503741169527966,4.624015421563221,4.8283927595978176,,2.9009234757188245,,2.6668539565763636,,2.0209905005309454,,3.6977622460615325,,2.015011480720897,
66330013,3.5464074283371687,,4.268581723980758,,2.8627917904916074,,,,2.1176249051361786,,3.3432386011241704,,2.3672401612811624,
64310022,2.684589906968738,,,,,,2.5347494231763688,,,,,,,
95710180,,,6.848952748180042,,,,,,,,6.11559970819917,,,
130760014,2.6038225848282885,,4.4422832824067155,,3.461642813170801,,,,2.3688093392057716,,5.005214296645391,,,
145220570,3.9501840800383916,,4.871667868813157,,3.475158831836944,,,,1.882398152966348,,,,1.9706754518818181,
64320008,4.716154620566418,,6.343492973500522,,3.1267120640058184,,4.017336484076701,,2.2773325276379692,,3.853659301408748,,2.3646750568822092,
97795722,6.2083706385209965,,,,4.054705241605765,,,,2.91616083797686,,,,,
59620004,3.292844809927323,,5.387675371603902,,2.9775014342699446,,3.4063073675442936,,2.6012726854351578,,3.192529314350569,,1.764162950588751,
55660012,3.3875453506590087,,3.993109220807527,,2.5282198672620377,,2.792297185392677,,2.005488192438233,,3.4199079453843577,,,
84175005,4.467613814272192,,6.791435134319609,,3.0322269773655743,,3.2740614144949918,,2.4316023540149985,,,,,
57740004,3.916634524061559,,4.138687627786642,,2.934910881439271,,3.0688620811991907,,2.1403860567278388,,4.065360476538847,,,
120600198,6.068365814695156,,9.114290904330312,,3.3830673651923773,,,,,,,,,
91880132,,,,,,,,,,,,,1.9978124650430058,
91815144,,,,,4.334157571724521,,3.516403420627468,,1.9621118791153458,,3.6545429362920876,,,
10600005,3.295680570403049,,3.676526893383057,,3.1934484305400948,,2.513209233852905,,1.9760559875932704,,4.03382175166493,,,
146280130,4.347588842072107,,7.317073693680878,,3.490674928382227,,3.1496021415951496,,1.9732712052653114,,5.180180638596906,,,
84150073,6.340058548058137,,8.532015032449863,,,,,,2.2819828633570083,,5.5189335832790025,,,
57620008,,,,,3.3535656004413883,,,,1.8776367899249025,,,,,
145225126,6.20965387310499,6.365125607769245,8.795864608597299,,3.6597928949622247,,,,,,,,2.0434898103947274,
55540008,5.037039859812427,9.497094635229416,8.233979461643898,,3.1535895443267665,,5.431234353726277,,2.7480541199133808,,5.418646862141377,5.095144148513061,2.262727225891652,
53340016,2.7981329736416782,1.8924007934425089,3.3835567766715475,3.6493791217943334,2.831406527668063,1.3862943611198906,2.230991595741577,,1.9418159820007126,1.6148505633720065,3.313458374910873,,1.7665270828227597,
96720140,,,9.689598227825986,,4.605807155622889,,,,2.898358287749027,,,,2.255224637713256,
66330009,2.5728087023560224,,3.29103897159307,9.381268908237878,,,2.7758686539741673,,1.7936287826897948,,3.9279850924645494,,,
146270360,,,6.7893260408018765,,,,,,,,,,,
160660063,,,4.086956379239555,,,,,,2.6234730620467523,,4.217429886907426,,,
92750116,,,,,,,4.079405124578846,,2.7795739990054127,,,,,
64330007,,,3.3673941902677686,,3.383511378412393,,,,,,3.1109916512578084,,1.8868424087137121,
33580024,3.0050524487843497,,,,,,,,2.337707550243464,,3.63263411573041,,,
66350008,,,7.754370531774004,,3.728510643803626,,,,2.695612522259546,,5.924067343491762,,,
120610433,4.222211543175783,,4.969260758045323,,,,3.6283399786887736,,2.716440465048985,,5.849649773148594,,,
53700012,3.5869983054471946,,4.288864926038463,,2.395678539351933,,3.3330143180176868,,2.022691048922523,,,,2.1181884657032244,
146250020,3.7516383016839923,,,,,,,,2.121354631244338,,,,,
92730116,4.023578579267249,,,,,,,,2.466056204053976,,4.10188818123121,,,
32410014,2.703743863191883,,3.683412979353558,,,,2.100624098141241,,1.8964059771264357,1.6182835700152216,3.08110461351231,,,
97800133,4.604124148963698,,4.946492454530089,,3.291320121844085,,4.178544771056581,,2.341771514478331,,,,,
10595993,5.022206734345658,,,,,,,,2.7784878687233023,,,,,
64310014,,,,,3.788765854691059,,5.238076810476401,,,,5.528771283938248,,,
83375006,6.335603176011984,9.383359061788596,8.565526835352868,,3.7223257962314285,,,,2.873025505479461,,,,,
59580032,3.619001648913354,,5.57218145502876,,3.5459051562103387,,2.803349040459755,,2.088079919674032,,3.9063597010222733,,1.9275897755827778,
81165005,3.3889469566118766,,4.3345650305697285,,3.0769282907426243,,,,2.1202645764544092,,2.6140240389010048,,,1.7462253208072611
34040000,3.3796156356696403,5.765523760918285,5.6144140139580765,,3.2174487151990085,,3.3075843558516214,,2.028208301389884,1.8528295589808559,,,1.9620102822730725,
130750049,2.5408172649788394,,5.055518210169012,,,,,,,,3.547973252196826,,,1.5404871836482115
64360008,2.7555147337676456,,5.320793000016814,,2.973688734392484,,,,2.438909489567999,,,,1.5607611311176295,
55660076,3.1341351088684872,,4.061678427633475,,2.877010785066435,,3.198135466959309,,2.1483645582386552,,3.7461094161239,,1.875451255969766,
95740117,2.789633084184553,,4.849871729598775,,3.125540460049608,,,,1.944686894384765,,5.0679398511768685,,,
33550001,4.546113999164888,,5.908871460090451,,1.8956399239593567,,,,2.44635239797209,,,,,
66340007,,,7.414663999434661,,3.564232250247185,,4.7940056406375655,,2.590523119314864,,5.577369514866575,,2.139212878148631,
92620000,3.87387321816745,,4.554342904446258,3.9830750351280764,3.290435741012237,,2.714358386439576,,2.143665459319301,2.0412153112217966,3.786041252193371,,1.9865951729252935,
81150050,2.623026415389279,,7.327013086500838,,2.619356346819522,,,,2.1568531534286373,,4.475066038151073,,,
91820125,3.0050524487843497,,3.000864724871906,,,,,,1.786671609818243,,3.249542585054476,,,
150845053,,,,,,,,,1.7562558171170555,,,,,
81350015,,,,,,,4.383696577162999,,2.622842047730875,,,,2.869514485548196,
150910020,6.102478099383677,,8.648880018140702,,,,,,,,,,,
150910375,3.4146803594544486,,5.248428476684133,,3.446203856850931,,2.759210408707081,,2.150393035126966,,,,,
71435009,3.799106831710641,,4.998581835319053,,,,,,2.3553923516854587,,5.0566607200305835,,2.1577995302457613,
120630080,3.154792112973282,3.8541619440535566,4.4066131724398305,,3.217552385357841,,,,2.1063511884411636,,4.04565828170219,,1.5898348801369944,
73340007,4.098973999062458,,4.54279360971309,,2.7436780133249363,,3.6837610368348943,,2.1752545287363505,,3.375153777534338,,,
82110000,,8.400028845965105,3.677018439942762,14.149499572729,2.5035052504066915,,5.04026619344507,,2.6369231212035706,2.221132860013273,5.9063520293597,,1.9511860854019396,
97790155,4.949418327290614,,7.202493072948531,,3.8064654502427753,,4.454657091370308,,2.7074860767325175,,5.790303114520053,,,
83365004,3.5743538352306827,,4.900601408665315,,2.989282404653406,,3.863686509389311,,2.0374262788553037,,4.001643826743026,,1.919415346272882,
64340007,,,,,2.8076485498316726,,,,1.8602739396833212,,,,,
53740032,6.191855177738061,,8.704459082545355,,3.360995027858738,,5.494510411596345,,2.8459607003048304,,6.1081865864984835,,2.3490163311633316,
73385006,4.939107071089208,,6.066193438545509,,3.125281588503438,,,,2.6853764701018434,,5.727981411085631,,,
53340008,5.005233655320623,,7.520718595028417,13.914337473465448,,,5.000453013027702,,2.584811298594655,,5.368715848838456,,,
83275005,4.431968021753318,,7.5664007037665,,3.0216312457324914,,,,2.76358583507904,,4.465886350165949,,2.0474323852018648,
83360014,4.832378725738326,,6.388514848715509,,,,,,,,5.286230511691318,,,
96770131,2.8353997761419105,,3.9779670324913394,,4.0593202194667555,,3.3298442909858377,,2.0152741423577973,,3.642971914469748,,2.206407172157721,
55620012,3.0932735033548546,,4.842840185320151,,3.061903403542633,,3.9529160767832368,,2.145304050051563,,3.7540611504332064,,2.003812314753527,
96740147,4.32805589750488,,4.809405496112778,,3.7008558646510883,,,,2.154433534050992,2.1460974572798817,4.109066263904157,,1.6735962969677523,
91740141,4.851906216157354,,,,3.4548143282668615,,,,,,5.302778165913347,,,
71325007,6.313318847232113,,,,,,,,2.544362752391669,,,,1.9470128552580088,
55540012,5.230754578822972,,9.867756228175057,,3.398399498624305,,5.423023316385534,,2.7472485185140174,,5.907548672481717,,2.318575929241639,
130745452,5.138251681280547,,4.595972034799478,12.489514782356833,3.67102889449804,,3.718921277435115,,2.4817575626499084,,3.872697240414115,,,
33605408,5.338965054853314,,7.5572612430922455,,3.832568250492784,,5.780580674868925,,2.671753265022107,,6.090446272015498,,2.382923549723435,
97795723,6.163756991702763,,8.649717851355524,,,,4.25909716795592,,2.8021733161216487,,7.4447362564092785,,,
146270060,4.331728494985646,,6.299996273743413,,3.282455643412224,,5.0660117669843014,,2.133702900382341,,5.952154366636845,,,
91760129,4.981302535480149,,6.2526295696326715,,,,,,2.852238047034986,,,,,
64320019,3.5271552411991136,,4.22691875054222,,2.9443822878788515,,,,2.3497316628310956,,,,,
82355008,4.457994633788524,,3.7037183323853524,,3.0784851196406264,,,,,,,,,
33590013,6.3345677487156475,,8.741194297927565,,4.249110412184317,,5.969176216660829,,2.8334569491321795,,,,,
94710214,6.562778379325613,,9.704521789577184,,,,,,3.151609923782864,,,,,
94790136,3.120934919310071,,4.459935322705645,,3.2467370005833787,,3.720252580053472,,1.9940944876684767,,3.893998295183275,,,
120690590,3.284075732474374,,3.495282032410307,,,,,,2.0078822915727907,,3.385896304273469,,,
97720130,2.9630237636948644,,5.03855144629004,,2.8361671031099296,,2.9439002261280742,,2.612794407908968,,3.5996806581649943,,,
64310013,3.062158416807645,,4.246484443354826,,2.853438805742281,,2.8124085989631116,,1.957604562859385,,3.215625125533942,,1.5436115989659167,
96720139,6.585303228024539,,,,,,5.711543990001378,,,,6.741421094070969,,2.925956441556477,
55620008,6.086490211939166,,8.614395096398667,,3.104461084090084,,,,,,4.365526492239809,,,
81180050,4.436932000888393,,,,,,,,2.2875426777619046,,,,,
32565407,6.332643811512196,,8.823088722176719,,3.6588148267560494,,5.4877644720007925,,3.02702329644314,,5.4388136407008645,,,
57620016,6.341509552637399,,,,,,,,2.5452566775043404,,5.993485095019839,,,
93710151,3.422052470721867,,4.833793582042655,,3.6937072845515533,,3.437869354469414,,2.10363284623162,,3.3977726354772924,,,
120655502,4.60365021678078,,6.2876533712080365,,3.789033613411844,,5.684573373083289,,2.610685757543629,,6.442451446309956,,2.3848321645024226,
82165003,3.6628162273252647,,5.214018251518367,,3.1642312105014114,,3.698724823061778,,2.15070406294873,,,,1.9369028187598045,
130730080,,,,,,,3.7213669066592985,,,,4.087821711529258,,,
71370068,3.505263220490266,,3.8734812666993426,,,,,,2.310665278119678,,3.1214847152395744,,2.4572338752686393,
93725318,6.539348996368054,,7.448062718229032,,,,,,2.8648592202415424,,6.265921704825165,,,
66310018,3.4101465108046254,,,,,,,,2.0315433243139984,,4.720153912162906,,1.750190362928968,
84265002,3.554900339658034,,8.068798376896897,,,,,,,,4.095879137629945,,2.2597934982413292,
97750129,3.0556969058031394,,3.384276773782956,,2.675012447312429,,3.641665102609456,,2.093841836150138,,4.018970252799674,,,
33520059,5.065228892276706,,7.74983389983373,,3.7217500880884273,,5.132641112660385,,2.470620595233361,,6.150619002744835,,2.1797177538828967,
84360008,,,,,2.597357139135325,,4.414619698157666,,2.741613849375787,,5.576552023615406,,,
92740120,,,,,,,4.8474594229521095,,,,5.46040234223753,,,
66310015,3.531716577119774,,5.93006152779663,,3.6295723069738686,,3.5195490130934024,,2.371671506365783,,4.240231561695441,,1.6482854354194052,
120670440,,6.619849233314297,3.095456979793616,,,,,,,,,,,
130765655,5.918357442503123,,9.137999662453176,,4.145932829845518,,5.628938064264075,,3.224667139422231,,6.310540732357748,,,
150880235,,,,,,,,,,,3.779111085511635,,,
31530012,,,,,,,,,2.3573357155700188,,,,,
59620052,5.329702446709332,,4.551513507384048,,3.058080109198938,,3.739961732178765,,2.1919889413101004,,,,,
150835052,,,9.109080526089025,,3.6511893789609564,,,,,,,,,
64370001,,,3.481489701081455,,,,,,,,,,,
145230010,6.0914282663232555,,8.215229039333623,,3.5447989757173795,,,,,,,,,
55580028,,,,,3.4241510217364093,,,,2.827650200193114,,,,,
97750164,4.473444250906218,,4.801473083627902,,2.8280743689211922,,3.6596205558971584,,2.818240541190162,,3.5865081652701347,,1.989312780076518,
130765660,5.286587841422751,,4.773772444932763,,,,,,1.818895820194238,,5.718949418418848,,,
120610540,,,3.398084382206447,,,,,,1.8134528667446523,,,,,
34530004,5.307963836270762,4.928434107300275,7.460620804987416,,3.431776527641798,,2.878018817451286,,2.2757134539613273,,3.9386415502803587,,2.222982454397909,
100450116,4.965947219226059,,7.993124930889414,,3.460833639088898,,3.9883730093750676,,2.7638346635030406,,4.404079405872752,,,
64400008,3.4108685983222027,,3.45142798722214,,2.683595858946046,,2.613406159058326,,1.8930218260757499,,3.523670146701554,,1.7106691192810843,
97770159,3.4807122010905793,,4.957572477602908,,2.345271787950459,,2.9961824394388783,,2.244683476652494,,3.8951026888238562,,1.7019011037201548,
91820120,2.9342506461866655,,4.708440755124333,,3.6021917884810684,,4.3748021297491695,,2.0593810196110685,,3.7891934498479873,,,
93750208,6.078881077686997,,8.580425512771528,,,,,,,,,,,
91870150,2.28372117986164,,4.129902489902631,,,,,,1.9266820901584736,,,,,
10620023,2.6663445380492266,,4.830272872576663,,,,,,2.2317252409802237,,,,,
91740121,3.6250827040065228,,,,,,3.219494409676963,,2.2742629043758766,,3.684455379470485,,,
145240080,3.8574752997537027,,5.54242052163987,,3.3055229396397072,,4.250226592073344,,2.482418956848265,,,,,
33610008,4.762829380045076,,,,,,,,2.3775112876195745,,3.973156785245068,,,
84170013,2.925307729146727,,6.846526942701086,,,,,,,,,,,
150810030,5.922188003176376,,7.883047286580362,14.046351469170904,3.9821640522999733,,4.205057694607558,,2.937887428629374,1.9580429595130262,5.402577853677023,,2.7856436364823813,
71405009,5.704055441145369,,5.373938498464396,,3.317909850219943,,,,2.448950844886686,,4.680831567100537,,,
94750136,4.134145033682655,,5.440776753825046,,3.430631462187301,,3.7011895960786942,,2.428765831858856,,3.63263411573041,,1.9278467897613898,
10625262,5.700655861093673,,,,,,,,,,,,,
81150028,,,3.1694402087619222,,3.322689695734377,1.3862943611198906,,,2.2261146416794775,,3.4405316645212776,,,
65340004,2.9327555044945113,,4.488576224710106,,3.775305809890878,,3.1190257554727134,,2.0939727007041546,,6.668911691663295,,,
81190001,6.012600442296429,,7.879909180041504,,3.3148353964578705,,5.600039596331649,,2.960339373967348,,6.39410277005446,,,
53820072,4.2746305037768595,,6.973300451959577,,3.163084580516236,,4.877750398810771,,2.6183735521353575,,5.115092589005489,,2.3613940287318385,
120600052,2.8250382926340674,,3.8440525825153147,,3.139516942809947,,,,1.7666726202776795,,,,,
31580037,3.1584656347054185,,3.1568186187791905,,3.500514827795522,,,,1.8625136976332235,,3.4481161396145374,,1.7063687633125906,
83255005,5.923888077407388,,8.266698417052508,,3.588985471010709,,5.564834729463181,,2.7638900337007914,,6.467830804778858,,2.4172085685729465,
59700008,6.183697972717365,,8.736247137268744,,4.028152560063981,,5.529115777681408,,,,,,,
57700032,3.284482490780103,,5.4689575544259865,,3.3213631706580458,,,,2.1385871051630665,,,,1.8802652328953915,
81275009,4.076371628042086,,5.632532427492309,,3.4117040640639997,,3.971806102442673,,2.4186871448407663,1.8580500524576105,4.651239742088646,,2.1306548135347376,
34520001,,,,,,,,,3.0489871400146527,,5.896460151853253,,2.332419662875936,
59620060,2.7613447287315402,,3.440121581864985,,,,,,1.7288586888981687,,2.909128955283379,,,
160540000,3.14622784839894,,4.728054255571991,,,,2.697787673619645,,2.1781934358690958,,,,,
130745453,6.71357413323052,,8.766122885505833,,4.015384367911828,,5.462133444750781,,,,6.082645830003076,,,
31515407,,,,,,,,,,,,,2.5580921796598806,
91870162,2.3069855809807587,,6.491317739648309,,3.5749796580323343,,2.1579399058022743,,1.9101524066044395,,,,2.0778582119140774,
93770158,6.322184427789755,,7.262427712380269,,3.459315453984075,,5.429774211772894,,2.4349395478397557,,5.931297530405907,,,
82355006,4.148621569765728,,4.627766172439871,,3.0343556072857103,,,,2.036861810014885,,,,1.814553529065326,
83355004,3.2726517863662155,,3.5416258022576677,,2.7148512456580876,1.3862943611198906,2.81991844998468,,2.172671714552069,1.6224591805944513,4.200212529441252,,1.8497471681431932,
81150041,2.712677495031292,,2.820133535003753,,,,,,,,,,,
10565690,3.9823532228364837,,,,3.1855667394941762,,,,2.62465501337259,,4.053348603731449,,,
94750154,,,5.91151789696907,,,,,,1.9253843768681107,,,,1.6411647394234257,
130745455,4.065599748878051,,5.265814722306793,,3.6987540547695525,,3.739072318182749,,2.6075600607311458,,4.408265878545435,,,
94715401,6.17060937303543,,,,4.233339162638846,,5.294456677411886,,2.964052713569093,,6.739533891818996,,,
73405001,5.43460780753692,,7.758170164373576,,3.534298697518561,,,,2.8809406502513086,2.418903667896283,,,,
92750126,6.22610203105453,,8.130215057788092,,3.616815153842844,,5.451333433510192,,2.854044644588166,,5.995930260780655,,2.5158029752220927,
10620018,4.51252978117461,,8.190855124359,,2.79402268659073,,5.017540278421588,,2.4840458686980216,,,,,
82265004,3.2508817413215345,,3.8878274182267054,,2.6554914283801825,,,,1.906881624000945,,3.375602790585174,,1.8453177036716575,
146250200,,,3.4684628361298335,,,,,,2.6456062113952195,,,,,
59580048,6.285084965175453,,,,3.845461213923105,,,,3.0624316638185616,,,,,
120620140,3.4353168715480287,,3.804612145933829,,,,,,2.125020082064866,,3.8395953628251163,,,
120720017,2.5449446888232226,,3.4872473012266645,,2.2103955510091278,,3.50471752879018,,2.0006559556324164,,4.109260571943108,,2.14960588651424,
120720340,,,4.188588248871342,,,,3.1342634681224477,,,,,,,
120640136,3.389087471282572,,4.300409117829931,,2.91963656550086,,,,2.300010397427445,,3.372058821399533,,,
94770128,4.267824004471459,,5.401614063977245,,3.314689085421083,,4.713358003624149,,2.1021690102513806,,4.826550454653679,,,
150820241,,,,,,,,,2.380826393161591,,,,,
55700052,4.424906929150501,,4.7344149132341045,,3.0445216201675342,,,,2.3356326410421113,,3.7864001516253936,,1.9461049150130496,
57740036,4.016249834523894,,3.5962762745611583,,2.5755592494575525,,2.8741028974182563,,2.1150573126080974,,3.8287089495399402,,,
65340005,6.194084294311287,,7.699865295261563,,3.3378167467415842,,,,2.6026420379270467,,6.000608234739867,,,
55660028,3.62072168360878,,4.550845910689818,,2.830184615239972,,2.766914088017623,,2.010566639662942,1.4346860358662776,4.08443885787079,,2.295541600643463,
95770161,6.820121750313733,,9.44837822062549,,4.2569626234717886,,,,2.974731714602722,,5.876545765239697,,2.6998781039774014,
82260041,2.7738647170967896,,3.9243731990977593,,2.544284269460382,,3.948181516587473,,2.4420349761950377,,4.726246504263779,,,
120605011,,,,,4.781527473666531,,,,,,,,,
95740152,4.046116201084793,,3.2628179435089977,,2.728050485445454,,,,1.7780054510739378,,3.638898730400755,,,
64380002,2.638043376669901,,3.25772540097469,,3.6685656608069195,,,,1.973298818744221,,3.2353866210093525,,2.0985752092769814,
145230360,2.652600497548016,,3.985152004130543,,3.1925768128855125,,,,2.021532176746966,,3.533183483801095,,,
32410006,4.32605706962639,,5.417535847938444,,2.6593534136235495,,,,,,3.77683388306291,,1.601213819353345,
64360004,,,3.4399656456764593,,,,,,1.9583341591426981,,3.3437023675302697,,,
92780123,7.002039147143476,,9.508253965434545,,4.034753351850795,,,,,,,,2.3815588521638626,
55620004,4.071101032074504,,3.1069200739193734,,1.7958920453142597,,5.146249595972902,,2.0054549486879774,,2.3892957068043117,,,
93720126,4.21885827282993,,4.720112717378419,,3.3301123613142987,,4.41668793615164,,2.2834923174041952,,4.025225997488372,,,
64320018,4.170093018698869,,5.534188523301968,,2.785461404583573,,4.429476435481681,,2.131421817243163,,3.9520896833707306,,,
130710156,3.419463353968406,5.751111975816133,3.9110423461730854,,3.25084234044817,,2.4988633647264407,,2.1623727041720198,,3.3933639726401825,,1.792653518276254,
55120000,4.254949261778001,3.892579469169074,4.553828087261369,,,,,,1.8388746241286293,,4.079129719116841,,1.6236369207820593,
33530029,4.2150900026283225,,5.694038414718298,,,,3.261920099995665,,2.6000663836191777,,5.355401037987301,,,
150810240,,,9.346522357698152,,,,,,3.361661848146407,,,,,
91770115,2.833982381707074,,5.2602724831323435,,3.4630889710034807,,3.6413718530250554,,2.2189970664333156,,3.8317003100486575,,,
53700008,,,8.721433808333515,,,,5.495298843341899,,2.876951502765337,,,,,
81260072,6.236661992452216,,8.855422403005669,,3.7806187471174937,,5.422569578304192,,2.8142810625576185,,5.918479296856778,,,
73335007,5.261720981731273,,6.250706920028015,,3.762861493053555,,5.766215907608775,,2.7159032759911015,,5.438757219407628,,,
33550049,,,8.8328998758034,,3.942592837461914,,6.855948981575718,,,,,,,
64320023,2.9146381491665188,,3.899349028497814,,3.0179098809091176,,2.4652368982983788,,2.076192372575534,,3.104043415763491,,,
59540036,3.1698556837609075,,3.4240132586324608,6.932629022875242,2.7285053645503523,,2.8679599987436304,,2.125399813744276,,3.5814609964105553,,,
130735354,,,6.373357011340414,,,,,,2.5124137068703396,,,,,
10565660,,,6.183428105809031,,,,,,2.6821125012095464,,3.937917238563679,,,
160775052,,,,,3.2840646674608642,,,,,,,,,
96755616,5.697271490499831,,6.866065932529582,,3.8639689206199197,,3.520722066885034,,2.6443785993210547,,5.094078562471619,,1.9074164811646428,
84255010,2.2529315242219026,,,,3.508720882021179,,,,2.2888115494584986,,,,,
10550028,,,7.90949468457389,,,,,,,,,,1.7756438837219226,
97720200,,,3.6796866578012017,,,,,,2.7412399705773844,,,,2.4519729986952163,
96780160,,,,,,,,,2.408033903591426,,4.047566666864252,,,
150850135,3.671111034601642,5.905672302257626,3.8663529303233837,7.0424166457916115,3.6880195155606024,,2.311211805020377,,2.4232825570246175,,4.871341159357957,,,
57620020,4.337882552493069,,5.368518655835685,5.831672959000418,3.563912623163169,,3.9749609916871274,,2.2018837880394693,,4.067672786504265,,1.833823276792074,
55580044,4.504200359499159,,,,,,,,,,,,,
55660036,,,6.071607922376837,,3.9454502225452885,,6.194682585213353,,2.609059703821869,,5.937427294796899,,,
91815138,4.609893321118279,,7.294555981924087,,4.138623718506756,,,,2.673242215332885,,5.49181158434202,,,
10620006,2.6432464555411292,,3.4154791860926044,,2.7307582344179697,,,,1.8449994878879075,,,,1.709431973498167,
145220310,,,,,,,,,,,,,2.5895688110550372,
91840114,3.6721376685009783,,,,,,,,2.261472869961185,,,,,
91740122,,,4.2107118385356,,3.2574629761009044,,4.563543906349995,,2.4898452813927907,,,,,
91860149,,,,,2.438531418929666,,6.9526723297739474,,2.974051257496419,,4.690429283361471,,,
64330008,2.8449219709684384,,3.3053999884527583,,2.6787383222057213,,2.7461289992402382,,1.9742875264577502,,3.0306284454598265,,2.0787728499027263,
55660056,,,7.556292708047485,,,,,,3.197972835671808,,6.733365855805835,,,
53780020,5.85484336175855,,7.271340097004285,,2.7022779207004195,,,,2.7266408592374294,,5.547050237720701,,,
96745612,6.80031171659305,,9.110077198865305,,,,,,3.139869962399505,,5.0831728866019725,,,
91710113,6.452050282753845,,9.544854003310574,,3.0748991950499467,,,,2.888353292660986,,6.7942600507744215,,,
84255005,4.176197278121681,,5.394167449380918,,3.6423229296015323,,3.9568523753442784,,2.042517164998286,,3.9053819839429122,,,
94780120,6.830364216732379,,9.774115206105561,,4.112407420636772,,5.9773637176566154,,3.120160771452738,,7.35394032919375,,,
91880139,3.329891750877808,,3.3989849097398603,,2.8718179126440186,,2.725742446789637,,1.9082738014709288,,3.135708925210203,,1.9105823498706964,
73355002,3.629428407862219,,4.096819496434579,,3.2199388505212307,,,,2.3721277609568325,,3.541558032046485,,,
64350002,3.797979009559786,,4.459351715766639,,2.796096459130481,,2.9984477244577326,,1.8381537781318489,,3.5195627692336444,,,
55660072,,,,,3.123386539666759,,,,2.785122538084916,,,,,
81190090,3.939655565343343,,4.1808336906392265,,,,,,,,,,,
71385005,,,8.896189212880197,,,,,,,,4.455181010903306,,,
65340007,3.6500885146624817,,4.663615025917798,,3.3806469186451302,,,,2.3275404799989245,,,,2.256456891159144,
145230170,3.4664926898242996,,5.064777161948625,8.29415714013586,3.261736930236898,,,,2.010822386113571,,3.869588452245024,,,
64320006,,,2.973090724289871,,,,3.7138554059721898,,,,,,,
120710372,,,,,,,,,2.6992709224279308,,,,2.086803120192177,
95750121,6.109930644642158,,8.909950782440173,,4.1235629565466905,,6.217392364866134,,2.9525996602464013,,6.3687000624794505,,,
53740028,6.224537377845207,,8.44997780610864,,3.0733434719214303,,5.532581243392216,,2.9678379519117426,,6.00467509925462,,2.4892551447071543,
91760112,5.655251712613738,,8.934776951205517,,,,6.1632544822084245,,2.9940190450731907,,7.05485654043021,,,
64320003,4.360950905687661,,3.24823700021217,,2.589761603343203,,2.5524924317405753,,1.7629036683474633,1.5329857185500986,4.899326980402714,,,
146285229,,,5.566252086019825,7.195199513929371,,,,,2.220479900532541,,,,,
10535373,5.79551849015449,,6.871798968828944,,,,3.3073191262223878,,2.810430753391981,2.242199709236919,4.08124783160218,,,
53820064,4.6038828451217295,,6.527901893037186,,3.2623421431013284,,4.613698728900544,,2.7199869090830235,,,,,
130765656,6.844482730069513,,9.168024941977885,,3.8511347777976224,,,,3.344430857946582,,,,2.663228307741226,
81160019,2.973204721185377,,3.76821778002153,,2.607286818134658,,2.559892506092995,,1.9777168040462552,,3.4219713389465682,,,
82360004,,,,,1.7202651089779806,,,,1.9239906316894764,,4.008021912743107,,,
84175004,2.486412990008081,,6.443495813642562,,2.871027016060677,,,,2.340804753521662,,4.188155797698131,,,
53340024,6.1484873945019745,,8.70671738576446,,4.051912768860359,,5.805412237514506,,2.875662625929251,,5.965937728952472,,,
83365006,,,,,3.076526224341572,,,,2.6234724176368216,,,,,
84365003,,,8.702863388169193,,3.522231525146104,,5.742245358658023,,2.883544278191952,,,,,
34625401,,,,,,,,,2.3793464107132487,,,,,
10550021,,,6.750863847503407,,,,,,2.4134695952615317,,,,,
71415010,4.737405626385024,,4.715025117132167,,2.985968796749819,,4.743328156646028,,2.1534138295206335,,6.580305268626209,,,
53660024,4.1849681901500775,6.162826941301978,4.891084630260844,,3.3795124877191074,,,,2.43800266988996,,4.144571074707013,,,
84160009,2.11831010081026,,4.686169723411559,,2.544505393076109,,,,1.93185701402578,,,,,
34590005,,,,,3.580378236115016,,,,,,4.757431826520781,,,
94630000,3.095423954884061,3.789813384940785,4.108313958639286,4.223960410258954,3.1958739263621707,,2.9103306258963904,,1.8747723965764236,,3.7495470029912155,,2.156024552982311,
82150064,,,,,2.873017782309516,,,,2.2458380072042448,,4.871513531223285,,,
81180081,5.150294347847195,,6.746136765122164,,3.0197154441271787,1.3862943611198906,4.063500007064028,,2.4473848950306345,,4.769445342895282,,2.1957147925410885,
10620004,3.3581793941320393,,4.429817878705265,4.954931596472317,3.0700240912900574,,,,1.9112740747082724,,2.792971545716326,,1.7522224954437895,
73315005,,,8.52629771751262,,3.343468308343305,,,,2.7540558415946688,,,,2.502420001673832,
81180003,,,,,,,,,1.6515015721759356,,,,,
120660112,3.277909483677378,,4.820272544965072,,,,,,,,,,,
120625031,4.351238201069974,,9.110178178855202,,,,,,2.1753453082769103,,,,2.469991512325892,
82370002,2.3817401635773807,,,,,,,,2.08073005987509,,5.1333042213742965,,,
96755617,4.606306088590965,,,,3.6265965485523064,,3.4572672694457594,,2.5272125349153294,,5.968849784811843,,,
94725412,6.448255471973933,,7.9604881819759425,,,,5.163670538289453,,2.664781048988909,,6.067089431656146,,,
32560030,,,,,,,,,3.1864841519920324,,,,,
32565408,6.593634751815839,,,,,,,,,,,,,
10515178,4.236865300372277,,6.312500956249257,,,,,,,1.70021578566972,,,,
91830148,3.856472306510515,,3.6458784371832933,,2.938910491207446,,2.4065324985288337,,1.9023867757637851,,3.6409422792066897,,,
96735633,5.542135359155448,,9.553540466307497,,4.198937519362819,,5.31369233785766,,3.076436042064852,,6.219183046275934,,,
146265203,,,,,,,,,2.716138317597929,,,,,
34580014,5.49041292369006,,4.371118932113735,,3.2648222324983336,,4.881183791588893,,2.5414610753465388,,5.4562152509290005,,1.8688821365697852,
94715408,,,8.294768359138317,,3.895499452823898,,,,3.007230725998595,,5.752211749935933,,2.304758006975225,
91775123,4.646087661174437,,8.040238922351481,,,,4.226156985999214,,,,4.787276609200727,,,
81285003,6.303983561535399,,,,3.897694650989165,,,,3.253221173251034,,,,,
53740036,6.215141647784138,,8.46846753474574,,3.2558444916166023,,,,2.6359444630477453,,7.073494249977114,,,
130765657,4.5595844639890215,,7.393001188580501,,,,,,2.7734207970845235,,4.561526919845429,,,
55700020,5.263966237674486,,8.287143117775518,,,1.3862943611198906,,,2.9095432846560496,,,,,
120675707,,,,,,,,,2.286851125123692,,,,,
32410007,4.475679147009648,,6.2504807681404095,,3.5124060433552176,1.3862943611198906,4.109179084463349,,2.419429605868457,,5.11493456415784,,,
59740028,3.3912713457262895,,4.621190254974216,,2.996518117399257,,2.6790896633302577,,2.084169843526889,,2.909128955283379,,,
64380010,2.998021379231356,,2.923477674413111,,2.6113170662915346,,,,1.7440690999981296,,3.00852973486028,,,
81285004,4.712732122028072,,5.540002344941069,,3.6315265058487824,,5.033335720826077,,2.8656934966701053,,5.035150120237898,,2.4715276512666846,
64310003,3.430773063404633,,5.158513416933797,,2.8525757840236006,,,,1.921851283092013,,,,,
82260082,,,4.808059068633165,,3.183810023113995,,,,,,5.746582706038318,,,
10530083,3.2210383021111766,,4.306559592399504,,3.763896594563775,,,,2.0777141076095655,,3.2399934102690287,,,
32410018,4.9858292806858815,,5.771122983079687,,3.066365097983107,,4.180496591813384,,2.636570942912659,,4.5006716026545766,,,
150820180,,,,,2.9530450925971303,,2.6266744663340975,,2.344295644067958,,,,1.7523749420377464,
10605034,5.623000287798507,,7.536758599629586,,4.2384249958284155,,,,3.008676061469366,,4.404876715084681,,,
97800132,,,,,,,,,2.966855961834338,,,,,
95710135,6.13610920606321,,8.765169504953993,,,,,,3.0285086670760353,,,,,
91870157,6.460667647927265,,9.215092430137364,,4.396050604402981,,,,,,5.407028896643682,,2.448411898925792,
51220000,3.2606812213765757,,3.7814916058446895,,2.7734811075100785,,2.871857284246077,,2.0963826346237244,,2.8308350865297776,,1.9704841124815287,1.7686862630614177
146270150,3.6004997197279813,,4.1789076408550105,,,,,,2.3315230816198045,,3.3078819476918486,,1.7941635294970026,
10605048,5.126703777261769,,4.522026079892027,,3.8350453261789355,,3.2711126574130636,,,,4.651637945286706,,,
92770145,3.1308721024283312,,4.116954635890708,,3.116590042470249,,,,1.9036965788232962,,3.2886635799041746,,,
81175002,,,,,2.5649564794655313,,,,2.0735731991702924,,,,,
64370003,,,7.420067264352615,,,,,,2.746776686065703,,5.990437479220616,,,
34600009,2.634731713777138,,4.647633774902209,,2.300018947913413,,,,,,,,,
97760117,4.029459115754944,,4.259911374378712,,2.7661407862912304,,3.0121179884378453,,2.278978544815639,,,,,
160730077,3.6514994237047724,3.342406011899668,3.678195344955877,,3.0707904219493747,,2.5932436000370025,,1.9716038751350615,,3.607529370717938,,1.5915559535518216,
150840550,3.6756108207185574,,5.860019104031243,,3.29585167166372,,,,1.990698131307718,,4.7547051048703315,,,
55620020,4.492541797820598,,5.128231401917563,,2.7615145879755154,,,,,,3.289581206884524,,,
91840139,2.431911106339766,,3.516190039046774,5.468185615640122,3.340763153190522,,2.180076194226848,,1.7698673056657002,,2.366101145846967,,,
10560043,2.9914968680287863,,3.4136506897877226,,2.6850344248917173,,2.5133308031714785,,2.0341538565004336,,3.8904231661467237,,1.7576639156677047,
100450117,,,4.89252913324927,,2.488010913240086,,,,1.9079000062739726,,,,,
97720125,4.075085812925881,,3.3937388307994034,,3.1734717229062155,,,,2.1434550713810445,,6.003524920427369,,2.1302075382699126,
97715704,3.4706961756867654,,5.566442669755592,,4.089376980062641,,,,,,,,,
145235134,4.7861562731245755,,5.558250466166232,,3.148497882230947,,,,2.0525623574390957,,5.330352376145293,,,
91790118,2.552271145546234,,4.875896509016792,,3.10102208470883,,,,1.8023361513704288,,2.9646886955277467,,1.7386704105312054,
83365008,3.313551899294411,,4.255668957700073,,3.3725331096792237,,3.4825565979621635,,2.0108464075884998,,3.8170572164829477,,,
33555406,6.245978826263115,,8.717386605149931,,,,,,3.0633876184012228,,,,,
64330013,,,,,,,,,2.019962604692438,,,,,
65350015,5.839931468997704,,8.408967780188188,,3.4471175165891133,,5.5102695211082695,,2.824255500860406,,6.135960988919842,,2.2313957743428663,
64400005,3.119647458109643,,4.143049638879697,,,,,,1.7291459318751983,,3.74025302204223,,,
64350023,4.044955760698223,,3.3648936624887025,,,,,,,2.2264653460386623,2.906062855008349,4.09842588613378,,
93750118,6.505173469859189,,10.33987685592075,,,,6.377332960028423,,3.2423907049481606,,7.00064207907189,,,
59660012,4.235909517342068,,4.371593736394561,,2.8367307493446203,,,,,,4.424944242953612,,,
146280260,3.843843938945114,,5.1062320340269665,,3.360725034426764,,2.932737116135206,,2.0936627369340775,,4.682349700700655,,,
160710001,2.584020761855254,,5.468859621125918,,2.6369896762613276,,2.4529711813885697,,,,,,,
81255002,3.6786131415838597,,5.1285580968840785,,3.168421985891391,,,,2.4470579244164234,,4.320894485960877,,,
53740040,,,9.433540997453301,,3.632162514273223,,5.793788882289159,,3.1380257766156268,,,,,
92730152,5.47130639225537,,7.402797800977544,,3.5517815470943113,,,,2.583728766157618,,5.585355979429259,,,
95760113,3.575008645042319,,5.151697820275337,,3.5307229113994714,,,,2.408073925147613,,4.218923415948157,,,
95740147,,,6.135753039582361,,3.027468648835555,,4.137704989770368,,2.3572759814439417,,5.026748157081314,,,
120650136,2.559100491546717,,3.5629625909367255,,3.304533126906927,,,,1.991480763418947,,3.968536349622701,,2.0596893124748368,
82260103,,,,,2.935468796396915,,,,,,,,,
64390003,3.4900351143909947,4.387270402395948,3.0591802135549817,,2.7408500086210115,,,,1.8286296952772978,,,,,
33555401,6.46159098569199,,8.69965908966386,,4.1208127172654265,,,,3.01002076762576,,5.416519012643199,,,
71385003,6.260270906424319,,8.744662778450031,,3.2874261782059206,,5.460450650613195,,2.8546294516250255,,6.371813859911546,,2.6229235390114694,
91740113,4.756521218135627,,6.448439333571751,,3.1752607259327434,,,,2.551031495830973,,4.660029189264378,,,
59620008,,,3.350374700301302,,,,,,2.070355335394826,,3.246811987762306,,,
84365004,4.317811698809675,,5.968865078600751,,3.375207557901419,,,,2.206864875961954,,4.799019142483529,,,
82155003,2.341960055463839,,,,,,,,1.8686048320638768,2.13854274201806,3.504573141539011,,,
93755333,6.815420458863163,,,,4.32952948617564,,,,2.570312749549421,,,,2.3996406073933025,
91840120,2.5074200534669155,,4.603347753201964,,,,,,2.0207870122362475,,,,,
130715156,,,,,,,,,,,6.712993909026295,,,
95760127,6.371223751095741,,7.715750869730917,,3.963769362969755,,4.842916173387053,,2.9479952290511227,,6.98235729961974,,2.255585692261966,
82260018,,,3.292204568496494,,3.2095937403215107,,,,,,,,,
71315003,,,4.40259572913464,,3.543373411585117,,3.2641816002157986,,,,,,,
33560009,4.876511212171602,,7.469679719092965,,2.9529112923568364,,,,2.6939292820952043,,5.102615409771943,,,
59740024,6.161281676655886,,,,3.467793879828359,,5.598104374302947,,2.883503067164968,,5.9514827518157505,,,
66330017,,,8.186527226491979,,,,,,,,6.066504527238781,,2.3952746527525224,
51580026,3.4962401313036318,,4.653958653853731,,4.211906274471952,,3.3165775389638665,,2.414505727117176,,3.688679555432286,,,
51580028,4.080015592101055,,4.407326061297288,,,,2.9556220021354473,,2.242370172529905,,3.6468453401656,,,
96795646,,,,,3.2912108482145377,,3.541236274849515,,2.189449488377431,,,,,
64310007,3.679309565289979,,4.522594247957245,,,,,,2.1554477484231644,,,,,
32570009,3.9961467705976674,,4.845341212819119,,2.740312826427507,,,,2.0229242785855845,,,,1.71725777355991,
81180019,,,2.97380981064599,,,,,,,,,,,
92740126,,,8.341557950566774,,3.784890743215719,,,,2.117653265839558,,,,,
95740155,5.424842061702456,,8.559619670429823,,3.4509673313394544,,,,,,6.493509893230173,,,
57660012,,,,,,,,,2.9265812605317394,,,,,
94750168,2.3189964447843803,,4.253393078448718,,3.22306139174553,,,,1.8854973982427532,1.6184470592757936,,,,
55660068,3.2224279552336443,,,,2.817182980643688,,,,2.1730355229232274,,,,,
91830112,4.7815850985529424,,4.640294704885978,,3.795909604224743,,2.599765220116044,,1.738541819232965,,3.6452994772461547,,,
96735635,6.149228071065832,,6.21962774514785,,3.7234063881886357,,4.96716921191453,,2.6819300710638667,,4.657728991455027,,2.5326655850566038,
94720175,3.861106197197534,,5.494855143418732,,3.0523002096823353,,,,2.072259866419503,,4.947124218582951,,,
64370010,,,,,,,,,,,,,1.9561840022519257,
95710166,6.341233941780796,,8.27616954562915,,3.2724657314654206,,6.2662780686223165,,3.03485463886224,,,,3.038599470784138,
33510010,,,6.0982331124456595,,,,,,2.52378478878224,,,,,
120690249,,,8.940849906540809,,,,,,2.6629905954055575,,,,,
93770154,6.142360947922925,,8.58846921733282,,3.395357960099197,,,,2.8780455982525686,,5.432423412785767,,2.4072636660673394,
91800123,3.2141775248410704,,3.3574752554668734,,3.0753331917062896,,,,2.374313411420058,,5.9223873984402,,,
73160000,3.5797912285220104,2.7565099866142218,3.920718608759301,4.014776496075498,2.7508087340328546,,3.6774448968483653,,2.1641503994209548,2.2802245526973324,4.355742617913407,,,
97795721,6.504477069457734,,8.499255546176407,,3.991156975902666,,4.818186017720542,,2.848471097769752,,5.669139720844635,,,
100410516,2.5666538374465753,,,,,,,,,,,,,
100410515,4.521186428304873,,7.059437810259439,,3.1655091537843036,,,,2.793078755166631,,,,,
92750122,5.049362508261798,,6.961833525759004,,,,5.0302061581649635,,2.457955469972474,,6.112502016845207,,,
65340001,,,,,3.5082393626347295,,,,2.3640263529509995,,4.619192056306355,,,
96790147,,,5.291871475528352,,,,,,2.4386993478292704,,,,,
59700004,5.242137245307073,,5.245088229890525,13.847912258524122,3.3008096018308275,,3.8459978300903646,,2.673243981257931,2.2860983860596553,4.72974125264088,,1.8896790311416873,
64350029,3.2953534601149053,,3.551908161731077,,,,,,,,3.053050341961622,,,
53820012,4.207827341195578,5.855564813176009,5.349610248768695,,3.4636648674244115,,3.350962535259346,,2.195437714525421,,3.2523261200413285,,1.8668315544950558,
82255001,6.0143168485289245,,6.842089975492355,,3.860180281220399,,5.451415127869657,,2.9939298704563795,,5.977172021770248,,2.4864969043550826,
84360010,,,8.790200341377085,,3.4084620676340647,,,,,,6.074818009187407,,2.2961993375220557,
82165005,3.0880758646870294,,4.463237143058284,,2.6267920634096362,,2.7794104454281516,,2.2637685585796317,,4.302496646376688,,1.7038875534380489,
82165001,,,2.9624568016290858,,2.8284561147942058,,,,2.0150969294072647,,,,,
92730164,,,8.800851511896681,,3.5969999313423364,,,,,,,,,
73390030,,,5.3817334142962245,,2.673493095879336,,,,1.8611848173576508,,3.2601988877511006,,,
160715051,3.6869317781308975,,,,3.5014742124054297,,3.125752907587868,,2.0314506409605277,,4.266314139832765,,,
96720127,4.223994426281775,,4.904360621413474,,3.8743151614583535,,6.683036218733618,,2.35431187524415,,4.591608846372289,,2.2443671566283268,
120640428,,,,,3.5913609515702998,,,,,,,,,
120670481,3.1349311554489003,,4.663301576912681,,,,,,,,,,,
71415003,4.818110490985914,,5.102279662160994,,3.4290176025174355,,,,,,,,,
34540032,,,4.598297837261413,,3.2560347822872724,,,,2.0090968452326745,,4.036501371299242,,2.458449573023993,
81175009,,,,,,,,,2.4524131984867177,,4.736201156976856,,2.1809683083915195,
53820052,6.088863917702482,,8.748589011348184,,,,4.142066963484367,,3.1055838969202516,,,,,
64310016,3.084459706548165,,,,3.71826342976508,,,,,,,,,
130760090,2.8797035227070995,,7.037300387795449,,3.2366042036408667,,,,1.895731179050001,,3.7415173797565737,,,
33525404,6.092577997862941,,,,4.259911583507309,,6.196544802527878,,2.661120284305681,,5.919205845011431,,,
10620053,4.840181958500639,,,,,,,,2.79519143366255,,,,,
73375001,3.977507924849649,,,5.225539327011733,3.404194785675374,,3.955233029443489,,2.5736939023188876,,,,,
160645052,6.627384787486756,,,,3.5807891931915554,,5.422950210260569,,2.984662603396115,,6.508266624429371,,2.554831586655488,
91840127,,,3.158167539904807,,2.705110941980636,,2.699726278538148,,1.9439952555478754,,,,,
91810114,2.745708398730924,,5.8923315870079085,,,,3.3451474511198698,,2.129369197301924,,,,,
65340010,6.089364303434689,,9.169980909956564,,4.10455321095606,,5.40550163023171,,,,,,,
97800115,5.201574763977274,,,,,,,,1.9317397455132028,,5.700505283603421,,,
32565409,6.507300456993741,,8.615104638290012,,3.6797603680628876,,,,2.863190124863226,,,,,
92750141,2.8109917768744013,,3.5763108886153443,,3.135439537332451,,,,2.2109014155011746,,,,,
59740052,2.5357476343941068,,3.13216081226419,,2.794108693731582,,2.139184974173773,,2.0429181766676443,,2.8105918649721024,,2.049050606711382,
120650096,4.060340437103813,,,,,,,,,,,,,
73405006,3.2959052385656737,,,,3.307428124818578,,3.17603130002376,,2.315336480755964,,3.9139530942461773,,,
71385009,5.8016409773110045,,8.490662075240767,,3.5949579073909854,,5.423023316385534,,2.817416337960698,,5.951177613552274,,2.4186138473584253,
10595940,,,5.579790668508975,,,,,,,,,,,
65310006,4.711103953172942,,5.5001598083525876,,,,,,1.7335937825730912,,,,,
65310009,,,,,,,,,2.450414542891021,,,,,
82360033,3.191293195810517,,,,,,,,,,,,,
66350022,4.805936968824464,,6.979492410242397,,3.4864346764487792,,4.813415055307639,,2.5363177411079856,,5.6669238036419705,,,
150895052,,,,,3.52208791346024,,,,,,3.623529068699942,,,
66340001,3.6121522996027395,,5.003348683939607,,3.258394081827361,,,,2.366615833685607,,4.878826277905679,,,
34540041,3.1784011819746123,,6.896620689492284,,,,,,2.085465271235123,,,,,
92720120,6.246250112368285,,8.601423624536755,,3.534298697518561,,5.638255403853049,,2.881657672627025,,6.059601509166424,,2.701537728560177,
91880127,3.6193879828339792,,,,,,,,,,,,,
97725706,5.631330607802338,,,,3.7090505626172146,,,,2.3503451414581082,,,,,
120700316,,,,,3.6683825543140833,,,,,,,,,
81190079,3.4016623797381755,,3.7222788619381753,,2.7524027448584993,,,,1.8653802767155088,,3.5065057747162736,,2.135395796759578,
64340001,3.451986015378235,,5.195111924766498,3.5991283823922613,2.752930204946651,,2.6050395942145257,,2.1703276243696457,,3.269405752243396,,2.0161047634955906,
91765115,,,,,3.9253134834010237,,4.86651477116912,,2.967733009316772,,6.093401362746589,,,
81155001,,,7.545117120919299,,,,,,,,,,,
120715107,,,,,,,,,2.3830645273415154,,,,,
81155003,5.797270125188113,,,,,,2.384833020662832,,2.2918103136438184,,3.263163352430305,,,
150830531,4.674643452200369,,6.2007889079017895,,3.778413869955181,,4.748962904761456,,2.211671232588923,,5.760761437444186,,2.1805307265444642,
57580016,3.6746207668624,,4.797787588773631,,3.0124596902817458,,,,2.32180715213666,,,,,
82150084,,,,,,,,,2.672909495159158,,5.091402475357922,,,
51580032,5.263731912215844,,5.571545138174665,,3.03097002258111,,2.6647900172973884,,2.3317457994933766,,5.474377024904046,,2.3546534020725773,
66340025,2.960378629066095,,5.70410451425626,,3.375464920174405,,,,2.189819569365168,,3.952391443739999,,,
147300270,3.519961150896986,,4.900669519803598,,3.333647270371319,,3.4899470000871666,,2.3174433353264443,,4.058232333082649,,2.274775480819245,
53740052,6.304172332255052,,8.441666663889466,,3.200372916458272,,5.516980696477194,,2.8827423763493734,2.9436896066863545,5.868501612872216,,,
94790152,4.004493757406732,,5.463208311634105,,3.4566581241908985,,3.4652572118726437,,1.7834698301806315,,4.764860380792165,,2.0641364154023094,
57540016,6.098224906501218,,8.644145054237502,,3.0766689491234427,,,,2.8820318391976305,,,,2.304480812982013,
83175008,6.582851844933733,,,,3.6384504561854394,,,,,,,,,
97775751,6.471636744053258,,8.888957380858463,,,,5.943923627459277,,3.0161144547242396,,,,2.4731000352297685,
91805136,5.803504932716272,,,,,,,,,,,,,
64320011,,,6.025462765463375,,,,,,2.2783388163704346,,4.471157369811737,,,
32410013,5.14237099936965,,6.347873979660314,,3.1551703790560843,,,,2.4513117491644176,,4.1111336677552925,,2.523468636790294,
65310002,6.067568845925873,,9.536508391116156,,,,,,,,,,2.491974376899226,
71375002,5.620318918732655,,7.380061394510507,,3.670344275481864,,5.377693360655022,,2.7278005121474136,,7.271360887643896,,,
120630357,2.746349783754703,,4.426457202387593,,3.2649697671751703,,,,2.2033489689844163,,,,,
96790180,,,8.720417657924243,,3.1311578065623937,,,,2.785122538084916,,5.90607450497472,,,
57580012,3.150029461356731,,4.470012564940337,,2.834814616679207,,2.478391170936959,,2.054953352305223,1.4341715307036058,3.24740328696913,,,
53660028,3.319166197172542,,6.195427508419347,,3.224842166588778,,4.146234505555081,,2.093050292265131,,5.353907671518622,,,
83355003,4.873426263228826,,6.539554696330686,,,,,,,,,,,
100440115,3.1354119130072875,,3.1883423499340733,,4.349693480786724,,2.6719249913637046,,,,3.988771939185044,,,
84355005,4.205223747387714,,6.145181307523351,,3.1232488437744585,,4.852401584386919,,2.189312115261964,,4.434411974152366,,2.1605248951287472,
57700004,3.4071908704020184,,5.0262459725954285,,3.26428632550943,1.3862943611198906,,,2.2950282440515832,,3.95459833487822,,,
34540045,,,,,3.8891321407498833,,,,,,,,,
64380007,,,,,,,,,2.3353070032266356,,,,,
91710112,6.570517955029645,,8.66928019085287,,3.630202308731149,,,,3.205611718515759,,7.4325557768963275,,,
160750098,4.866346441281329,,,,3.431118169979338,,,,2.7636408230145357,,5.178810840277956,,2.7171147625955374,
34585401,6.283298509771602,,9.059890173038706,,,,,,,,7.432254408397364,,,
95760122,,,9.979907844554255,,4.2712057071257945,,,,,,7.621073797439485,,,
91710111,2.53023901417243,,3.252853368608329,,3.198648900510466,,,,1.8980594520046714,,,,,
100430111,2.983880850816453,,4.731982344458497,,2.9613518694701666,,,,2.6854070487111112,,,,1.679230362984811,
150910145,6.01842882337377,,8.868746936565916,,,,6.4451992582143784,,,,,,1.7085460210679726,
92785249,,,8.6911273294644,,,,,,2.9896471411368246,,,,,
92785252,,,9.533632192471098,,,,,,,,,,,
33510006,3.033772489584756,,5.366146201348295,,3.2800579216286945,,2.925246208006575,,2.6136522552624175,,4.189128613329783,,1.960590228254474,
64400009,,,,,3.3445361559199256,,,,2.7818486244247054,,,,,
65320005,,,,,,,,,2.989736561495889,,,,,
93760170,,,,,3.913289703645284,,4.005781921025768,,,,4.589237752719536,,,
66340018,6.121726408831974,,8.266376008797252,,3.4192266352388128,,,,2.9579501577639222,,4.487087221125362,,,
33510004,4.815551843982993,,,,3.547831296674561,,,,,,,,,
32565411,,,,,,,,,2.8007472511096774,,5.211042147853867,,,
65320020,,,2.8010019697524147,,2.6591607462533142,,,,,,,,1.7683297398936029,
83265002,5.399418026481182,,7.822947439227569,,3.053122437632409,,,,2.9120827784444794,,5.97759915900333,,,
82260062,,,,,,,,,,,3.2828683382475474,,,
95750145,6.909917200553322,,9.509615267055224,,4.447383541814173,,,,3.2075887025251086,,7.206005105709795,,,
130765664,5.560692298820136,,8.613343018241386,,4.359009233985077,,,,2.9680273087626534,,5.87592433772697,,2.526351430876972,
82265001,,,,,3.1642552187455912,,3.543184915347828,,1.8759198635500705,,4.491697010460657,,,
66340017,6.264710951084877,,8.754519617189974,,3.4515318980977217,,,,2.96421964410448,,,,,
71410075,2.9463031967682043,,3.0190682104207465,,,,,,2.065113217529931,,3.8314653592311787,,,
91840118,,,2.795068634154852,,2.5485722388620755,,,,,,3.150785386844841,,1.640735254114066,
91865156,5.864113721389286,,8.179898507391583,,3.545791461207821,,4.535787573021254,,3.108291448948818,,5.979252668002778,,,
97715703,7.109281520599569,,9.596126273975804,,,,,,3.3702199675330258,,,,2.823046589893824,
71435005,4.443486778791049,,8.475533431346298,,3.463415073708352,,,,2.9355926427006938,,5.7681783643839655,,,
94710155,6.085224054107883,,8.594400322021697,,3.6130468856884654,,5.490282554252944,,2.7992565047399127,,6.514100607910507,,,
66360014,4.193488736517331,,5.3590954059283735,,,,,,1.8997274541639926,2.0004406772410226,,,,
82255007,3.7255677506967264,,5.778602576750499,,3.0311851459209356,,2.2827714968556982,,2.1527026188931875,,3.1124048515770317,,,
150900550,,7.8405298264568986,,,,,,,1.9457775060171565,,,,,
96720117,,,8.933097355630496,,4.102587399688328,,4.854659685707035,,,,,,,
96720114,4.445441676048895,3.524821858044433,5.545789344138568,,3.1469545295950225,,3.032271935992258,,1.952231829159021,,3.721147098848713,,,
91775126,6.228494227530273,,8.526246996624318,,3.8436926387364925,,,,2.982750472326442,,6.7023995812077555,,,
160755011,3.62562310108691,,4.9445868173353515,,3.5815719032854143,,,,2.241267180163886,,,,,
130720043,,,3.8174343619527358,,3.2572379505482068,,,,2.294419182282272,,3.5258186773288296,,1.789544195334293,
94770136,5.040044575844343,,8.916169091348326,,4.201735432805399,,6.592375969224428,,,,,,,
55700032,,,,,,,,,2.995072127033537,,,,,
65310017,4.6108020596020935,,8.751814550482605,,3.7172896011609065,,,,2.345927130674056,,,,,
147290160,,,,,4.530328258631101,,,,,,,,2.3358563554418725,
147290260,,,,,,,,,1.864383212028858,,,,,
72355004,,,,,3.981750884287636,,,,,,,,,
53820044,4.612634519067295,,6.8617417725181316,,3.8062355370139067,,4.53605311159476,,2.6462051016436754,,3.9536300725843176,2.9781011844543075,2.0917380317819143,
84265007,5.0768397718376885,,5.560634499865054,,3.779880948017102,,,,2.97032031760295,,,,,
94720131,,,,,3.707375256184999,,4.057701130380541,,,,,,,
83350063,2.486939422444605,,3.150365101448645,,2.96912365254325,,,,2.2301738609704147,,3.7819198627181314,,,
66330020,4.423589716089888,,6.173464747208598,,,,3.980913270635496,,2.484128299646177,,,,,
97735714,6.738858663152024,,8.683683445460005,,3.3127667325052426,,,,2.3179192146864565,,,,2.07798850422643,
97780116,4.946321764230103,,7.547180126596562,,3.7541274196869683,,,,2.4305470553861164,1.8239743905466157,3.948329263508239,,,
81155002,,,,,,,,,,,,,2.128632561572915,
94710191,6.41128540595377,,8.28240584126276,,4.848494829468508,,5.34363414216329,,2.718020783817677,,6.182678489203435,,2.499835340159725,
147300110,,,,,,,,,1.7977557870297745,,,,,
59660020,3.3499904229839217,,5.155385534017955,,2.9446671947150334,,3.558736957974436,,2.443641799935904,,4.220097719693311,,2.2198073272904857,
59660008,5.165927121991237,,8.716906898688809,,,,,,2.456576502322909,,,,,
91760138,6.13127261283547,,7.0326319082632125,,,,,,3.3760140990332026,,6.444555998453669,,,
53660044,4.343439043100824,,8.358709302391201,,3.076804488412509,,3.8809494044535873,,2.888690139194475,,6.008721099214427,,2.344378919312802,
130715154,6.084765796150358,,6.268443872585058,,,,,,2.859483502167206,,5.513671348499399,,,
53580032,3.4057293331865304,,5.313053428814863,,,,,,2.0125767953249185,,,,,
91840119,3.4365843493366395,,,,,1.3862943611198906,3.2087869161775417,,2.6003095664144955,,4.4581937675967,,,
57660040,,,4.160133273771852,,3.02983678287613,,4.2334435408522975,,,,,,,
51660024,6.236623546032304,,7.54375919373609,,,,4.975515530619885,,2.5908370375999277,,5.215599947076546,,,
96780135,,6.600919638026457,4.426385696138229,,,,,,2.1460314675092667,,,,,
81365002,,,2.7953762313259642,,3.077636152065427,,3.9470469264792634,,,,4.4076073044233555,,,
31515404,2.9831923243203633,,,,,,,,2.459456233547926,,,,2.273629866668422,
91860158,,,6.3297804470192744,,,,,,2.4909751484355875,,,,,
93735321,,,,,4.058367806171467,,,,2.4691634528434316,,4.933103388016087,,,
83175013,6.8984588661516,,2.4135107060921617,,2.840676616614436,,,,1.7878897814209878,,2.9827751478563704,,,
57580008,,,,,,,,,2.3642034310576494,,5.399801959151652,,,
81255012,6.087054263184548,,9.466191647509595,,3.7092719345634473,,5.549965213054774,,2.8536694935677,,5.004723256832205,,,
97735718,7.612918407648052,,8.772816948792716,,3.6123417942478513,,5.471537249746802,,2.9199671724352445,,6.197483268409142,,2.1162085129001538,
96720135,6.917233281990882,,2.9924924896779275,,3.9755944696093763,,5.989867500887131,,2.080456886992045,,,,,
93715303,5.696465603599279,,8.135064429777126,,2.068731272806999,,,,2.7953536654849476,,6.534492600371837,,,
59660016,,,6.216165815965535,,3.456327418515107,,,,,,,,,
72335006,3.3689452310999846,,7.66423572033909,,,,,,,,,,,
96780193,5.972964936144211,,9.26253379402716,,3.8166580745621608,,,,3.433535610594855,,7.124862643877953,,,
55700024,5.506436382585761,,6.021917733330811,,,,5.511788142617654,,2.859566376496436,,4.54086848823396,,,
31590026,4.400458066938601,,,,2.801184218827388,,,,,,,,1.8279308299221473,
34580010,5.0754332674323095,7.1277793664693245,7.5527168606597535,,3.2382417503321657,,,,2.683202296137274,,,,2.0370622206542586,
92750138,6.083597355349206,,8.935485736902491,,3.6449948418589475,,,,2.7128042673869186,,,,,
95710226,5.022002224727312,,7.201783159061055,,3.2817459608272332,,3.933252315674194,,2.787700749939176,,4.388889194531557,,,
96790170,2.753138577614557,,3.5733982441801655,,2.9407108778630526,,,,2.652788975816851,,,,1.7211349401195888,
91730126,5.3082815092452185,,7.6114677639820805,,3.4339796478187665,,4.484389745417852,,2.6341968971231773,,5.961363402022076,,2.3613940287318385,
92740176,4.329434361123351,,8.645319835704438,,4.156008780198054,,6.372634953409628,,2.9812770929156533,,7.621073797439485,,,
97785762,6.582999008654026,,9.566241171945173,,4.306349194741834,,,,2.9410550396984703,,,,,
10625270,6.108083166705352,,8.657743241306038,,2.818366982476384,,5.585002055989171,,2.952997792878574,1.9641772009981677,5.992368701582896,4.05055191997194,,
57580036,,,3.5483822585823965,,2.98332386039415,,2.8559863613270355,,,,3.5590443910674945,,,
91780130,3.525843511813179,,6.206754143035425,,3.2007197339984033,,4.358058218893342,,2.1778985423208836,,4.638355760791767,,1.8580321175683014,
82260028,,,3.5810375079276158,,3.7848630392821856,,,,2.25534830368568,,,,,
82375003,6.100039779456923,,5.176508705058867,,3.431620729024838,,2.390926687726595,,1.948966270541577,,,,2.4091466326561206,
59700016,6.081134920102959,,8.868655756154405,,3.1416100261766076,,,,2.9238116249686215,,4.657086089275399,,,
65340020,,,,,,,,,1.9440895813622607,,3.447778271461307,,,
59700032,4.373035312313485,,6.1036174456603165,,3.2127303849313824,,3.3848614548110794,,2.771580348033077,,4.274993191246752,,2.4944170400544077,
130735352,,,6.811462229856534,,,,,,3.359606856580566,,,,,
82150101,2.2849477934038553,,3.1220908819669058,,,,,,,,,,,
81150045,2.7705064388770366,,3.0047727575525607,,2.840810821002046,,,,1.8134686343475206,,,,,
82260037,3.30534844291476,,,,,,,,2.3192012033665526,,,,,
55540056,6.195438428668279,,5.969056315179395,,3.202968387764571,,,,2.791396350450477,,4.809380656010836,,,
73365008,4.1570541147787115,,4.532458394051164,,3.1911577651318277,,2.6172575938605047,,2.3052749951031557,,5.077492918010286,,,
83175001,,,4.4125153329244124,,,,,,2.205483690954427,,,,,
10600004,3.2445781013089294,,3.9937479536751725,,3.4873677504880485,,,,2.0715659481512816,,,,2.6912226874091694,
66350001,6.09224509522539,,7.983836519540932,,3.456617004741314,,,,2.7827638751348065,,,,,
150900415,6.320053655570108,,,,4.187817861519178,,,,1.9879978249648151,,,,,
83155007,,,6.529151869432171,,,,,,2.248120453359263,,,,2.114222652178121,
33605404,4.993932427625559,,7.950566756580937,,3.5672625289837443,,5.442633516422289,,2.958880272215922,,6.3743576267069395,,,
91755114,5.478242073448665,,6.670647793384529,,,,4.907506671154431,,2.3766083417575237,1.880349942872756,4.983610897078304,,2.14858436793005,
64320010,2.8128607403564376,,4.259743530610973,,,,,,2.259113159508451,,3.629766812631401,,2.0979760263635425,
59660028,5.96631076982951,,8.680479460425707,,3.085288722556915,,4.557876191433275,,2.734123245323231,,,,,
91750139,4.512956471506389,,5.555162513195496,,3.1004307991680617,,2.8709005490593236,,2.3582529638135257,,4.020538338515887,,,
81185001,,,5.256225656984093,,,,,,1.9763325663942617,,,,,
71385004,,,5.470687746001373,,3.0829961335003295,,,,,,4.309219633769701,,,
55540028,,,,,2.7941691626443337,,,,2.241476638553923,,,,,
97785759,7.1576708158853215,,9.85709196479265,,4.754229442019564,,7.419041192372401,,3.4122708963914907,,7.432254408397364,,,
96710155,3.2240323007010234,,2.7901290168142396,,,,,,1.8572905529338057,,3.067328213316344,,1.6793442148410072,
83155012,3.1148514543583947,,5.668811830923274,,,,4.360025510539794,,2.6237729339841414,,5.017285678730206,,2.2482635118890695,
59540028,,,6.749928990345802,,,,,,,,4.740240411410211,,,
51540024,6.208141100474874,,,,3.6044967700220045,,5.36739687585959,,2.7951497673531835,,,,,
73310003,3.716748979393175,,3.5901465811487334,,3.178063490323062,,,,2.0081478691004357,,,,,
81180060,6.09131624233138,,,,3.100889373746692,,,,2.8942167579922824,,,,,
81165006,2.909436402757519,,3.438914521355272,,,,,,1.9255710303436047,,3.245431956625362,,,
145230310,5.173721355271388,,,,3.3500185597000467,,,,2.802096956677854,,,,,
65310011,3.653547935201204,,5.797115326631816,,,,4.72732983356427,,,,,,,
34610003,,,8.847044844937757,,,,,,3.2046519888512783,,,,,
81175005,,,4.02846429411409,,2.7338302562466237,,,,2.2164788494515375,,,,2.53220203106618,
51540012,4.083372163021563,,3.529806045598783,,,,3.052286541879604,,1.828109028524874,,3.401030862020111,,,
31510009,,,,,,,,,2.875241656457262,,,,,
31550013,6.081607090100349,,,,,,,,,,,,,
10515169,,,,,,,,,,,,,2.7913622127492452,
10515175,,,6.859370973925483,,,,,,3.1076029188114793,,,,,
82265006,4.21426603101009,,6.372452028577951,,3.2105718415887363,,,,2.6879231599568985,,6.141754038727468,,,
97790194,3.6718345468616005,3.380459671652732,6.026625482778541,,3.3534359889138328,,,,2.0735372813491777,,5.887396591916157,,2.1199943895066573,
59740044,6.128943522829206,,8.650265705273144,,3.196683912324347,,5.599608620611475,,2.512847222987913,,,,,
82260095,,,,,,,,,2.4175739659418425,,3.902001063159023,,1.8710613593103966,
146280410,6.246532373859667,,,,,,,,,,,,,
91780143,2.587871827875913,,4.64460493141967,,,,,,1.8801603125315178,,3.153249186132617,,2.1356180701727627,
64350026,2.533239509612455,,,,3.5208521475410137,,3.577426776569876,,,,,,1.9148240438022754,
145210530,,,8.587755826381706,,,,,,,,,,,
57700044,5.48258615448646,,,,3.789397718004606,,,,3.040019128525823,,5.913433192319243,,,
64360006,,,,,3.235794664404857,,,,1.8685112167885518,,,,,
57620012,6.057756826779878,,,,3.073039001949547,,5.627563175526239,,2.936684856991152,,6.369565897248125,,,
10585853,,,,,,,,,3.5563448062313285,,,,,
10575727,,,7.748859876839188,,,,,,2.8955082128714373,,4.893027249555998,,,
97785766,,,9.236503564401158,,,,,,,,,,,
82365002,,,3.042555386986514,,3.1651608491568255,,,,2.063355179212666,,3.685795362309955,,,
91870179,5.94983780334744,,7.306739196171841,,3.7232531236624973,,5.455689145536569,,2.5059563144064136,,6.043719354555568,,,
91830119,6.260656730741077,,8.604362870790753,,3.411394724328706,,,,,,,,,
10545489,,,5.391318242651287,,3.3263509078079987,,,,2.9045136031289904,2.1566774788720195,,,,
94710185,,,8.457811092254126,,3.4252168565183054,,,,3.0580218755199766,,6.4622458008098205,,,
33515404,6.772370910216475,,,,4.301550427600699,,,,,,,,,
51700016,5.842619919483848,,,,,,,,,,,,,
160650067,4.3591077718346165,,4.629659562672717,,3.6414646534637725,,4.3441806156076295,,,,4.8952364512268325,,,
150890305,,,3.4932065119016467,,,,,,,,,,,
66330025,,,6.099567539854434,,3.958013872671438,,5.120388732358497,,2.6886971332134744,,5.6478175075475985,,,
130715155,,,,,,,,,3.224670011192648,,,,,
91840134,3.3048150559477474,,3.247551337647497,,2.305486141045648,,,,1.8647469207903842,,2.689218157452825,,,
83165004,,,3.75819404444856,,,,,,1.933754610576784,,,,,
95730122,2.658708498102154,,3.718007835078283,,2.7156719110401286,,2.4701731432836573,,1.910758795557468,,2.8346106152008455,,,
81175006,2.713622367570019,,7.126073173543776,,,,,,,,,,,
31515403,,,9.181564753789344,,,,,,3.389873276491577,,,,,
55700036,,,8.55449234463819,,,,,,2.8182713286566075,,,,,
32540028,,,,,,,,,1.8135724922589391,,,,,
94725416,6.70933433594447,,9.648425965011437,,,,,,2.588780028691809,,,,,
92775243,7.211270900326824,,,,,,,,3.337668187422336,,,,,
91815142,,,10.420993842022177,,4.311700289120191,,6.550369169640893,,3.388491460376006,,7.62085636804273,,,
82265009,3.648380478236374,,4.091028224064951,,2.9027663339129735,,,,1.9759189511994764,,4.562919540384947,,,
146250480,3.2056535431131943,,3.856259515913403,,3.166257112916407,,,,2.2784988394372787,,4.051371298185733,,,
91875184,3.299350105309727,,,,2.941762028982276,,4.00346671046584,,2.4412707802078217,,3.9597108393595,,,
32570035,3.2865511406344043,,,,,,,,1.9255710303436047,,,,,
93720153,3.9600734795480923,,5.422619363427292,,3.397238794839655,,3.3377700342908003,,2.3895944246049017,,4.250247022060844,4.26558860751327,1.7928936824864954,
57700012,5.209397937097701,,8.772334924539253,,,,5.725536457616246,,3.0671539321974195,,6.5940817919777,,,
34600004,,,,,4.178767786014605,,,,,,,,,
53780008,6.148101248637093,,7.7443111423802335,,,1.3862943611198906,5.417392418805189,,2.707059579938387,,5.623193668144238,,,
91740143,5.87584330466106,,,,,,4.415025634923425,,2.690244909236276,,5.3301691132028415,,,
92785250,6.734060853078494,,10.576716512398889,,3.247526590768954,,,,3.061758878842214,,7.379454247402908,,,
120640472,,,,,3.59176454446938,,,,,,,,,
97710142,2.584775067060156,,3.4123076978314586,5.659472470035783,3.0919305920913813,,,,,,3.484940791340125,,,
93740139,2.821293928742348,,4.093904263514169,,,,,,1.8776367899249025,,,,,
10600092,,,3.508643773193941,,3.0150956855040865,,,,1.8682614440116045,,3.5316002133955426,,,
64330006,3.2224619109886588,,3.6287633021780947,,2.8392938810206685,,,,,,,,,
10550035,3.5611390646674947,,,,,,,,,,,,,
150860145,4.5582365331540196,,,,,,,,,,,,,
92775241,,,,,,,4.589608838138725,,2.6290768296582354,,6.164613530310628,,,
160625054,,,8.14557055846811,,,,,,,,,,,
33570041,2.8734647072031803,,,,3.6496906861482374,,,,2.2519136281463603,,,,,
57540044,,,8.556225820726915,,3.5171607298608314,,5.43323429635315,,2.8335611147143203,,5.938219972872563,,,
120615108,,,5.4611856033926705,,,,,,2.4882251219651077,1.9840244642091713,,,,
95740156,,,3.576471994217655,,2.661098827507138,,2.731090784608412,,1.8098696063864113,,3.360533651094187,,,
150875052,,,4.415829229513877,,,,,,,,,,,
95755524,6.9467850664340185,,9.668986588434882,,,,,,2.84418072656362,,7.654895997383444,,2.4710325048612036,
10540056,3.257583683408825,,6.307004667240991,,,,,,,,,,,
160670072,2.4931539965433025,,,,3.715810293318357,,,,,,,,,
71385007,,,,,,,,,1.8896351815310906,,,,,
92790112,6.9880800763359465,,9.596252270737718,,3.920823413985473,,6.020935015788948,,3.0233356264316433,,7.313319873376169,,,
83175007,,,4.095732538620415,,3.2105718415887363,,4.0929050616958165,,1.7582574220082883,,,,,
65310012,,,2.7564776535852227,,3.0400010750412183,,,,,,,,,
81265005,3.8150713650959824,,6.388419356785285,,,,,,2.1618875523636163,,5.416721151728942,,,
120670120,6.114872521246774,,6.093326002856696,,,,,,,,4.680831567100537,,2.1973627224418752,
120675708,5.869973801692174,,5.438667301687484,,,,,,2.4087937119345155,,7.8207396163854455,,,
97710130,3.300755662342332,,3.5132750034739604,,,,3.2371161523636256,,1.9002051450220918,,3.8569665565101188,,2.7456848451248073,
31530008,,,7.626735569356759,,,,,,,,,,2.2693816898145114,
57660028,6.096516613026339,,8.215970992870506,,3.463960075738071,,,,2.9997518355616393,,5.460809104603861,,,
91720130,,,,,3.6423055063839263,,,,,,,,,
95725539,6.044316226760331,,8.613505003676128,,,,,,2.8605196428325783,,,,,
51700008,2.674581602540157,,3.685237854354064,,2.7517667216245902,,,,2.1266064926790924,1.4910029629461063,3.8777573030944645,,,
64310004,,,4.246217766812689,,2.1807864511779673,,2.5938535141585035,,,,2.862323918842854,,,
81275003,6.522982545022075,,,,,,5.692086636454207,,2.87396190125093,,6.365379425879822,,2.5807085571026316,
96755614,,,8.371998857807434,,3.5458248535875234,,5.745364696646686,,2.8599140199576185,,,,,
130750105,3.8164692211898514,,4.109349868307642,,3.4101921734166596,,,,1.994455900647268,,3.5802074663720083,,,
51700044,2.8913224253792382,,3.651681458463244,,2.765953523165585,,,,1.9080131889749277,,3.984919273856149,,,
33610006,2.8956810389631116,,3.7461346125677926,,3.004906157015713,,,,1.9902285772241857,,,,,
33610012,2.918357005915064,,3.7653056339711646,,1.5664914111923354,,,,2.136260194994631,,4.016037993337925,,,
55620036,,,8.648242010204804,,,,,,2.6794710796497774,,,,2.358672573693812,
130765663,6.262408134128286,,9.104424028821498,,3.549853093645615,,,,3.3748053906782554,,,,,
84255009,5.072184712968342,,4.33170782568774,,,,2.6881129233768197,,2.5196273881856412,,3.6620966464961398,,,
100460112,6.160051900954647,,7.518378248833194,,,,,,2.5765285197553474,,,,,
64320021,4.669561828030231,,7.400531343856672,,3.4324725915431196,,,,,,,,,
130715159,,,,10.227240236595515,,,,,3.278099028763639,,,,,
150850230,,,,,2.554949077473753,,,,,,,,,
94730159,6.800666604733534,,8.449528744141368,,4.32952948617564,,,,2.933571359174352,,,,2.7268643368646184,
93750174,4.697648243601678,,,,3.554312166927933,,,,,,,,,
10510044,2.6156621935463633,,,,,,,,1.927591806173284,,,,,
71325010,3.4626069535995394,,5.9129728285489085,,2.788756481677156,,,,2.4005953197496335,,5.325054400520298,,,
83360084,4.698652952483544,,5.369481693424243,,3.616502646136443,,,,2.4829121448901517,,3.3976712198718317,,1.9085178122308046,
51620004,,,2.7957384009308206,,3.631348771735024,,,,2.179036599119733,,3.591973935494691,,,
120735306,4.647321515396401,,,,,,,,,,,,,
97785765,4.634001777717674,,,,3.30507971210234,,,,2.327113334300214,,,,,
31530016,,,,,,,,,2.8318925382154836,,,,,
91895173,,,9.747863628106034,,4.311415964645213,,,,2.9380551357052935,,5.588136303789232,,,
82360046,,,,,2.8372813484254897,,2.4845046674194395,,,,,,,
10545492,2.5341115145649242,,,,3.990330609157178,,,,3.0418013998776843,,,,,
92735217,,,,,4.218840485661054,,,,2.877434332505098,,4.404680903595293,,2.8607995109191715,
100420114,,,,,,,,,2.6817043946804477,,,,,
10610046,3.790073893568824,,,,,,,,2.139455156884252,,,,,
33550009,4.537979464795573,,8.580335238509724,,3.3950235500974877,,4.2372821704649,,2.873982828745413,,,,,
10595952,,,,,,,,,2.661120284305681,,,,,
92730147,,,8.709401909856735,,3.40165287940136,,,,,,,,1.999324838524935,
59740004,,,8.606348092042655,,,,,,3.304653095045726,,,,,
10575782,,,,,,,,,2.361015656744591,,,,,
100420112,6.2081225461255025,,8.5277855528269,,2.6178635965518797,,,,2.8809841785995305,,,,,
160620065,4.763962932762039,,6.173582217718112,,,,,,,,,,,
65310014,3.2263172740458805,,3.967394313331957,,2.961794394109076,,,,1.8192691684755276,,,,,
96765630,2.8226484340738667,,4.3184249505029095,,3.2784729355151705,,,,2.084376841766525,,,,,
72315001,,,,,3.2616064132130953,,,,2.917835733516812,,,,,
120705001,2.852541925029692,,,,,,,,3.221505095224727,,,,,
59780012,3.905213934768645,,2.9447485180261204,,,,2.665241431569388,,2.770655758617324,,,,,
55580008,,,,,2.8999369970692856,,,,1.7831677593194792,,3.085707816015013,,,
65340003,,,8.580425512771528,,3.7844299550653804,,,,,,,,2.807186539344138,
10625207,6.292573843933473,,6.686054135428269,,,,,,2.8572414865872595,,,,,
84360052,,,,,3.0479328240755637,,3.8389488566878036,,,,,,,
33560008,,,3.6544477000490736,,,,,,2.29113000486068,,,,,
83355001,3.396841991825914,,,,,,,,,,,,,
55660008,2.5382864244265124,,3.084867521707362,,,,2.9818141174271426,,1.991676118043824,,3.7211776185932717,,1.9277895855431217,
150850040,,,7.060134704774626,,,,,,2.704194741948697,,,,,
59740036,4.5554173008830166,,,,3.308160365891321,,,,2.836707272721341,,,,,
146270210,2.9002651216226463,,,,3.264038946709503,,,,1.8573659556318916,,,,,
160730076,,,3.655558042811139,,,,,,,,,,,
59580040,5.379035441003218,,5.944645665792774,,3.682086486725684,,5.702130722895523,,2.834118779520156,,,,2.3543451738641994,
64340010,,,3.5543479998404997,,,,,,,,,,,
160635051,,,4.241322926207367,,3.284266123887273,,,,,,,,,
53660036,6.330113229029262,,7.148734620869968,,3.109149410493241,,,,2.4940373507464306,,,,,
150845052,,,,,3.7947407816282555,,,,,,,,,
95710214,6.3421505426828775,,8.824240075827522,,3.973028875176463,,,,,,,,,
97720171,4.735925683567777,,,,,,,,2.6311018678300844,,2.8720646972530846,,,
55620028,4.970473562030529,,6.803015440056891,,,,,,2.711715813902448,,,,,
34590033,4.106350374871791,7.483115597516685,,,,,,,,,,,2.2809132777217025,
130745451,5.055642739881322,,,,3.658052884788935,,4.983627270008558,,2.5576993653955626,,5.89512290794089,,,
71385002,,,,,,,,,1.7438707988587905,,3.068858312737594,,1.803830128265763,
57700028,7.089086751525174,,8.654303492546958,,3.3296982942599618,,,,,,6.634624571759807,,,
120720120,,,4.1085313918901845,,3.7322417528975658,,,,1.9445077766488579,,3.618749858520459,,,
51700032,3.578335773538633,,,,3.682455803892977,,,,,,3.9604736438130153,,,
10560044,3.8543188745056955,5.358290058675863,4.904063299816898,,2.978255523997116,,,,2.079313994534637,,,,,
57660036,6.187145099439093,,,,,,,,,,,,,
120710076,6.409737795439015,,,,3.7886808928315,,,,2.3770256225618946,,,,,
96720113,6.103221083445713,,8.563818464976338,,3.5023742329447156,,,,,,5.969111227030013,,,
97740121,,,5.010719891950123,,3.175373743035345,,,,1.7985298740966618,,,,1.803830128265763,
10585847,,,,,,,,,,,,,2.448241472146588,
93750199,4.43399379359515,,6.076711443777249,7.7506569016843025,,,,,2.37303443445295,,5.280878392427271,,,
59580024,5.686078046993388,,4.491395083625875,,3.236416020590966,,2.4053451222339906,,,,,,,
32565410,5.288798395397879,,,,,,,,,,5.393319926683221,,,
93720171,,,8.951548148446344,,,,,,3.2043025772510667,,,,,
81175003,2.689877098243758,,,,2.9135020637537554,,,,1.7704374940838778,,,,,
34570020,,,,,3.657610542820486,,,,,,,,,
10610029,,,,,3.076316366953402,,,,,,,,,
55660040,4.5713785375214,,4.9843535014393385,,,,,,,,4.181741160491288,,,
57540012,4.106067303075296,,4.4642488237299185,,,,,,,,5.85042921143663,,,
145230160,3.161331750703805,,3.409167538815865,,3.2335866793991084,,2.977367299362386,,2.1515202864151908,,3.837224451954935,,1.6789382517445293,
96735634,,,,,,,,,2.954677579625539,,6.47715956066041,,,
97750134,2.6766653739449886,,3.5352528144797084,,,,,,2.21719392487393,,3.4490030323732634,,,
83155006,,,4.148377724182367,,,,,,,,,,,
93750148,,,9.790162684633113,,,,,,3.2949524303291033,,,,,
31550011,3.6221363476572934,,,,,,,,,,,,,
81265002,,,8.799582751106927,,,,,,2.8813527005291957,,,,,
95715501,6.6326742632135725,,,,3.4343394187378067,,,,2.994309196854209,,,,,
59740048,,,,,3.090420011399061,,,,2.451802076614359,,,,,
100410519,,,4.254018772196937,,,,,,1.8834562957272878,,,,,
92720118,7.216503825469267,,9.868097283478857,,,,,,3.478241264526921,,6.425631238488049,,2.9630109617984153,
71435001,3.813649212960055,,7.447765000731838,,2.8021179946405725,,,,2.378447347805982,,,,,
71375004,2.394383140653159,,3.291483142616152,,,,,,,,,,,
57740008,,,,,,,,,2.8984760350427488,,,,,
96710124,,,6.113880071124713,,3.0129216586983296,,,,,,,,,
59740020,3.5708451986505034,2.8134115838563094,3.3237952087532463,,2.826264714246341,,,,1.9799991591211374,,4.170542858933462,,,
130740026,3.6005297836767576,,3.34426644405809,,3.2818858651974985,,,,1.9080509738739917,,3.715078895168913,,,
65330002,,,5.416794101286488,,,,,,2.3407681113084946,,,,,
81275008,5.988866940911038,,,,3.4179793931070517,,4.338563608457137,,,,,,2.2354517815059083,
92745220,6.644792924661775,,10.262060170039538,,4.123594900165378,,,,3.268213000766014,,7.266208162049382,,,
65320021,2.7060753485360816,,,,2.769465639127361,,,,1.872613735248381,,4.112288118154757,,,
33615401,,,7.898770858501226,,3.665877302375268,,,,2.844803881872774,,,,,
82350080,3.0420370736922315,,2.553760951246376,,,,,,2.0755578001297046,,,,,
150850370,3.987851827599586,4.413772505582902,,,3.68771829437089,,,,2.4760983244091306,,,,,
31530017,4.0383709103866865,,4.649254714615617,,,,,,3.2051203260488585,,,,2.1228807231673983,
97745727,,,,,3.3849731430233287,,,,,,,,,
55540032,5.4151463991524045,,,,,,5.193555838477938,,,,,,2.385537265933066,
146260390,,,5.0355316110350925,,,,,,,,,,,
33555405,6.116816473257139,,8.881447945559065,,3.5549179418743804,,4.091264073611717,,2.813118333466443,,5.741988486193992,,,
146265220,,,4.70304416350324,,,,,,,,,,,
150850235,,,,,,,,,2.389347440599443,,,,,
160650003,,,8.58056942462303,,3.5263989890937815,,4.2171803638291365,,2.8722003840417463,,,,,
71435003,5.762639884985493,,8.282428218721863,,3.1515948356089787,,,,2.818240541190162,,,,,
32570031,5.355817866938946,,6.32981347951176,,2.860922765634898,,,,2.210500462261417,,,,,
64400020,2.0725338963631805,,,,2.703653023139672,,,,,,,,1.543535508032878,
91840135,,,,,2.627968092491172,,,,,,,,,
146285219,,,,,,,,,2.246563699508183,,,,,
66350009,6.206730883316318,,8.877214708506068,,3.74739203160571,,,,2.74478347901722,,6.28115349260269,,,
130755562,6.009505798579781,,,,,,,,2.7702582574399006,,6.040162603802869,,,
84150092,,,6.56856281765493,,,,,,,,,,,
31515406,,,,,4.148146283851179,,,,2.3763755657037824,,,,,
33555403,6.2902004545439665,,9.02239635656343,,3.6342681508386083,,,,,,,,2.2708880688405473,
145225119,3.113134191631526,,,,,,,,,,,,,
82155002,2.7806542012997872,,3.1659756695555914,,2.617420796637087,,,,2.346539467321502,1.4660784226384307,,,,
72315008,4.36335330891054,,,,4.291265385371975,,,,2.28583067596893,2.4566473283174957,6.486101087204826,,,
59620036,,,6.829451825095065,,2.852276118178452,,,,2.3775702064989894,,,,1.7106691192810843,
92740128,6.143114497120169,,8.969648678747202,,3.9653053673610565,,5.525969283704283,,2.9713768245692758,,6.53626547529842,,,
91820119,4.659102543471487,,,,,,,,2.369124775150119,,,,,
84255007,6.185630908414411,,,,3.5912591831378946,,5.620117929282344,,2.745073004526229,,6.189910252038705,,2.2239865908450795,
93755338,6.556366888545259,,,,,,,,,,,,,
120690017,4.161555770296833,,6.2337017064420515,,3.365885490666318,,,,,,,,,
34510005,3.5148461516341647,,4.224819656873661,,3.6471552403286176,,,,2.2504710813779996,,3.1918304650628095,,,
55620014,2.5904789853709698,,3.5031145317126198,,2.9173714491799525,,2.7058505384551688,,1.9326802636003184,,,,,
82355005,4.638228927406816,,7.491758771607408,,3.514616389606355,,4.9464614148760235,,2.6608375187877242,2.1297858898434567,5.353184221431461,,,
130760060,3.5436927913370546,,5.024579968132372,,3.30615563729069,,3.1833064938904174,,2.1169850697544814,,3.4073824699091886,,1.7633625034997296,
55660016,,,4.8829360933713355,,2.755456600465349,,,,2.1395656085095673,,,,,
92790134,,,10.175777283290298,,4.683053417042038,,6.807268975214297,,,,7.949490983459192,,,
34510007,6.111123385444395,,8.786073750225281,,3.170947418039422,,,,3.0779629676382436,,,,,
120630148,6.234118493453278,,,,,,,,,,,,,
59620016,5.672845597508471,,4.971349349713271,,,,,,2.4374905656390427,,,,,
146250030,6.428237017730174,,,,,,,,,,5.54644080747538,,,
146250240,,,,,3.6781709608401605,,,,,,,,,
72325005,,,,,2.6737311199265568,,4.166578484248589,,2.633729577493181,,5.577330581373638,,3.0501144742369624,
32510007,4.290573458385886,,6.063362231247004,,4.088722755491536,,,,,,,,,
32510042,,,4.613550306874155,,3.256721954029768,,,,2.1120883317659147,,,,,
32560022,4.584389252878085,,,,,,,,2.3523210547371627,,,,1.9106426425101946,
91840147,2.6264145710594313,2.915052140247396,4.243568094158997,,2.9306015708775806,,,,,,,,,
130725263,4.177722414994596,,,11.515351014289942,3.8545531994137163,,,,2.358827393683136,,,,,
97745730,4.191987227966216,,4.4527098973818,,2.843493405366277,,,,,,,,,
83165005,,,,,,,4.910680336023325,,,,5.830857670168516,,,
120675709,,,5.220239939686217,,3.9456349496210628,,,,,,,,,
73315003,4.085866201252655,,5.8605977283686475,,3.1117264928727364,,3.1976209441648145,,,,,,,
150890310,4.272821649769298,,,,,,,,,,,,,
73395002,4.82549825553646,,4.720085199298349,,2.9059776694385424,,,,,,,,1.8799621891591298,
91840148,2.3024810313079835,2.049753378420682,2.9134820893973776,2.7031782704309677,2.8816140287921552,1.3862943611198906,2.1559963703947123,,1.939983063835818,,2.990005612666713,,1.7052370381818542,1.8356708723119923
66340024,6.05930558457199,,6.348176579209665,,3.5595007381474124,,4.173247846740557,,2.5011311410299495,,,,,
10600019,3.5844118801580587,,,,,,2.423473638572626,,,1.5871012929249666,,,,
97775754,5.683143352829518,,,,2.373756008995572,,4.868358165879528,,,,5.7571332776722235,,,
53700036,6.117247175890695,,8.179227777297895,,3.4842456367566026,,5.448298505237183,,2.876737750237074,,,,,
84375004,,,8.629269061526385,,3.4200850558140834,,5.628694579858437,,2.4365595204860586,,6.271698999317898,,,
83255004,,,,,,,,,1.7845549621717471,,,,,
81165007,,,,,4.073171334997706,,,,2.0783312290683242,,,,,
160765054,6.086490211939166,,8.020963270972405,,,,,,2.7903981249810395,,5.9090995000881925,,,
82365007,5.970784274063793,,6.771902053904791,,,,,,2.7880071344187676,,,,,
91870118,2.6766653739449886,,,,3.667072733814738,,2.8808649534594366,,2.1424135978045262,,3.654918043281763,,,
57620004,3.442700602277146,2.6331856204650714,5.787788123287477,,3.131243875375282,,,,2.378844040665389,,,,,
92710141,5.093043067117733,,8.47258737198145,,,,2.960547804775032,,2.358827393683136,,3.388167145326402,,2.2167269434030996,
81255003,,,,,4.185027072385847,,,,,,,,,
10605053,4.591294794781547,,7.672183731400702,,,,5.377385292288685,,2.706376685307042,2.2759787414024295,5.59928266274695,,,
130765652,5.038362037975265,,,,3.872410171987388,,4.601975392912873,,2.007383433214675,,6.281932052337041,,,
95710174,3.9552017314488106,,4.444143526741883,,3.683883092292417,,3.58616368906401,,2.5001834031916768,,,,,
91905179,,,,,,,,,2.4891469075244537,,,,,
73375005,4.592305616335162,,7.76952437025829,,2.8495596316079714,,4.997321408834181,,2.4408776279180673,,,,,
82150106,,,,,,,,,1.8849609686271702,,,,,
64330009,2.3548766807705626,,,,2.451681645233985,,,,1.8105911866598101,,,,,
130725252,,,8.453678711871266,,,,,,,,,,,
97795724,,,8.954785512595164,,4.524740462038886,,,,3.4357773592746192,,,,,
53580016,4.349354542164196,,5.028392703940346,,,,,,2.8601798484973298,,5.781158620350974,,,
91810128,2.6682554966408976,,3.3677937112047394,,3.008577666895105,,,,1.8637238688501188,,,,,
97795720,6.2842663963510805,,,,,,,,,,6.381096848604666,,,
59540008,3.7084424503808147,,3.5200895349979406,,2.8440207472832997,,3.3708023342627893,,2.1646860523596567,,3.863234690706554,,,
92770121,7.109281520599569,,,,,,,,3.6835437300185085,,,,,
55700048,,,8.653227073748837,,,,,,2.8763182587514624,,,,,
64340005,2.6027779750649347,,4.570455681160553,,3.573863916119201,,,,1.7838820062342589,,6.1437176709704655,,,
82265003,,,2.9688050779882897,,,,,,1.7948080514284492,,,,,
51700036,,,8.546402188843999,,3.1113611363809253,,,,,,6.836110641684271,,2.825153206494976,
91870130,5.025903107969657,,9.24751419811531,,,,,,2.938432533718808,,7.000332852472038,,,
91855155,6.624720421377875,,,,,,6.461141849962345,,3.397504194154122,,6.568198065156815,,,
81260011,,,2.9776669715876114,,4.127627227962391,,,,,,,,,
96710139,4.174002437851584,,5.436897383825484,,,,,,2.206829189906915,,,,,
51660028,4.272911783194909,,6.219984702292505,,2.7132189709870143,,,,,,,,,
95725510,6.583701407806889,,,,4.322529021562012,,5.423313335723857,,,,,,,
57540036,,,4.543658521078277,,2.9073531435663895,,,,2.0172693667186814,,,,,
95710136,6.1005147484475835,,8.677364201798218,,3.7229750419382577,,5.536965174986251,,2.9466170506239466,,5.937513632986619,,,
32540014,,,4.617735002896421,,,,,,2.2846448791379497,,,,,
97735719,6.999736058073521,,,,4.218840485661054,,,,,,,,2.8117601074738823,
96710114,2.6308565462805555,,3.5491909690671393,,2.8878698931382636,,,,1.9163875022628911,,3.3084298899820217,,,
150830270,,,2.847369198308118,,3.131249548963073,,,,1.796750511630619,,,,,
160690043,,,8.795744929465517,,,,,,,,,,,
65330004,,,4.13837144720585,,,,,,,,,,,
92715202,,,,,,,6.4451992582143784,,3.3702199675330258,,,,,
73405003,6.643142003086348,,7.699294396246454,,3.310404869879038,,,,,,,,2.2646922698271243,
82355002,4.011554812396874,,8.64894318240625,,,,,,2.8122537471590356,,,,,
145220210,,,,13.977231629548482,,,,,2.514188536331169,,,,,
10550016,,,6.04753705867167,,,,,,2.3420654944140478,,,,,
145235107,,,4.210253649018842,,3.630398612068806,,4.448721584026784,,1.9096849462380956,,,,,
100440114,,,3.525543970538133,,,,,,,,,,,
160700029,2.6594365525112065,,3.596204795959383,,3.266152425612228,,,,2.3837827459691003,,,,,
32510040,,,8.186200451453898,,,,,,2.488097873521824,,,,,
73325002,3.9949717690925075,,,,3.857226553956901,,4.358042108036033,,2.490982956673027,,,,,
91870137,,,,,2.8421187617124875,,,,,,,,,
130755560,,,,,,,,,3.013339808763896,,,,,
95740157,5.112815970792829,,3.159272812278791,,,,3.1540403910310992,,1.953607165529418,,3.1187728680482754,,1.8605973478870457,
96760121,3.3717507146026584,,5.079580455687069,,3.0121445030516214,,,,,,,,,
92750128,,,8.72418361628604,,3.4062480288707673,,,,,,,,,
150820430,3.9958258890671177,,4.697505143300274,,3.2829763769647102,,4.649718853644574,,2.0908055899063878,,5.47772573769987,,,
145210560,,,,,,,,,2.781561624496407,,,,,
10580005,,,,,,,,,3.1838634657781015,,,,,
66350004,6.159451321105884,,8.65679250499646,,3.7315942282603456,,5.442633516422289,,,,,,,
91880145,,,4.710607503221277,,3.568395939555684,,,,,,3.2694500883627944,,,
66330012,,,7.946307649583729,,2.059849129538728,,,,2.7458154034143685,,6.418259768153038,,,
32575402,,,3.448263228657478,,,,,,,,,,1.9241797463428916,
73390005,,,3.402142889144766,,,,,,1.7895835931166784,,,,,
91875165,,,3.6918580267308108,,2.7013215325782447,,,,2.6665245720842723,,,,,
33545406,,,6.820755783732521,,,,,,3.1558426187445114,,,,,
64390004,2.6766653739449886,,4.799303505982729,,3.106063487884877,,4.240924299488088,,2.1677550826492737,1.9888377173091667,,,,
33560011,,,,,3.3505584157184707,,,,2.8988304230011455,2.2441404475735047,6.163016573375263,,,
97730122,,,8.756126432951138,,3.5144399130874175,,,,2.8460691375910168,,6.323700089001138,,,
94725415,5.387432516362213,,9.495886866514793,,4.198937519362819,,,,3.054073116318481,,7.382878417968368,,,
120600005,,,4.645304901274053,,,,,,,,,,,
73385007,3.1874806127334447,,4.202261546153014,,3.100668453168558,,,,1.9568916519344852,,,,,
65310010,5.783686848334298,,6.352109515146035,,,,,,,,,,,
91840122,2.9055038829518143,,3.4000239855471803,,,,,,1.8884790360686168,,,,,
91730147,3.400053952175778,,3.862933761716627,,3.187840604434173,,2.424881839863086,,1.9017786516149078,,3.250367213529269,,1.721885892528547,
91840132,,,6.131305040006989,,,,,,,,,,,
10550046,5.710971305325201,,,,,,,,2.82291316735155,,,,,
71435002,,,,,,,,,2.718225130489867,,,,,
91720134,,,,,3.6135687259918785,,3.7730606283972,,2.553988129989218,,4.02717822065516,,,
64360001,2.9737760825253474,,3.212513561804039,,,,,,2.125252019999553,,,,,
120710160,2.766792633857555,,3.608060769691229,,,,,,1.8680229933148824,,,,,
120640380,,,,,2.537595778782216,,,,,,,,,
97785761,6.538353367574729,,8.944813568384582,,3.829412437775572,,,,2.9393332651619994,,7.2190378811064715,,2.6557456630571914,
65310018,,,,,,,,,2.199222517766658,,,,,
160655002,3.3871458013967892,,4.438097758850052,,3.204452074386907,,3.826749145502633,,2.6741733286998133,,3.9654805550073453,,2.897895125336387,
81160080,4.705049505173257,,6.064899764634808,,2.30481327749982,,3.1441644850539783,,2.418035260044269,,,,,
59580008,,,3.3120773649004116,,3.032149081964969,,,,,,,,1.9030047858836199,
100420116,4.4270119935306305,,,,3.1056891895174106,,,,2.7284236774360546,,,,,
34530011,6.093553885320802,,9.088725310964932,,3.4327258550281545,,,,,,,,,
92780148,,,,,,,,,2.7802114616838414,,,,,
91820134,3.5097901430240936,,6.371085080642716,,,,,,,,,,,
150880220,2.3618557052920264,4.322840382701556,4.831335702779033,,,,,,2.0506137057571863,,4.122535620240586,,,
91905174,6.072806733112633,,,,3.756396347276225,,,,2.9797957248205513,,,,,
91715106,,,,,,,,,2.919443428232785,,5.352468008783031,,,
57540048,5.90881827995848,,8.6705437639439,,3.3873064692030077,,5.573009068303942,,2.9651082348183784,,5.991730091802518,,2.593941078881852,
150850185,,,6.369437719896624,,,,,,,,7.01235045741754,,,
10545488,,,,14.900150054810057,,,,,2.9688077220446063,,,,,
100440116,,,,,,,5.719583234474752,,2.694067052440147,,5.8567500610324155,,,
145220080,6.223624337784434,,5.204089581758098,,,,,,,,,,,
84365001,3.6942244581576715,,,,,,,,2.874762599815479,,,,,
150810455,3.300620323497853,,5.477236562230339,,,,,,,,,,,
84265006,6.346541356495919,,8.540555110777614,,,,,,2.789516407927489,,6.792635819845868,,,
94760178,5.587284906056813,,5.595198151057832,,,,,,2.133714256726387,,,,,
65330011,,,5.97518522232045,,,,,,,,,,,
82365006,3.608998347588941,,,,3.2014139434908664,,,,2.117331661678403,,4.7864038271064455,,,
92775239,,8.122156022402601,,,,,,,,,,,,
53580004,6.101541096671738,,8.579813142255885,,,,,,2.760436029313551,,4.752446284104117,,2.0474323852018648,
160715007,,,4.9445868173353515,,,,,,,,,,,
10605005,5.763004739328435,,6.585086973559195,,3.1734584195010807,,,,2.5944709298654605,,,,,
83375007,4.323119091754455,,3.885080504521411,,3.292737407534684,,3.6617049820102237,,2.4787452867270114,,3.926010119764441,,1.907417365271022,
59580016,6.087673543203503,,8.856456139214302,,4.157910345888442,,,,2.7979639975765047,,5.118318471384657,,,
73335003,,,8.097621005823106,,,,,,2.790778546460491,,,,,
84160023,4.207387170369664,,5.934599809938407,,3.031356103031216,,,,2.1367840107548957,,,,,
65320009,6.086845341023119,,8.69382306847725,,3.5045202889761526,,,,,,6.248693407001466,,,
84255008,,,,,,,,,2.5016265930649104,,4.56636532780307,,,
81180011,3.1359394949134862,,,,,,,,,,,,,
71415007,6.086490211939166,,8.670600303474062,,,,,,2.706663353068748,,4.568450634009578,,,
81155006,,,6.59097351694836,,2.7700114440727757,,4.0910983410959165,,2.0669807963951157,,4.274713827043085,,,
160765004,,,,,3.5918590054395643,,,,,,,,,
96770114,7.107808552561911,,9.217818239558865,,4.2878336806501745,,,,3.0835556082269924,,,,2.4176955803771722,
32510047,3.4535882744658024,,4.7227372057708,,3.008208465441038,,4.012834049427531,,2.368569802973676,,4.781083552788802,,,
64340003,6.529026665566973,,,,,,,,,,,,,
57580020,4.776691765827938,,4.415829229513877,,,,,,,,4.096940708775374,,,
34545404,,,9.349077116802256,,,,,,3.2817630754276084,,,,,
130735353,,,,,,,,,1.8185286576231532,,,,,
51700028,4.888793809197965,,7.602733104216701,,2.9409676327693326,1.3862943611198906,4.436114690926587,,2.5929160959721145,,4.836088375032199,,2.083299358140534,
81185002,3.0130996615269012,,3.614244699604959,2.7923546690203613,2.7200346800108575,,,,1.7948101385774784,,3.055763465617031,,1.9533856940864815,
93710156,,,,,3.5729413180912903,,,,,,,,,
130755555,,,7.7022839421719755,,,,,,,,,,,
10585830,,,2.9975426183017477,,,,,,1.9750291724607327,,,,,
92735218,,,9.156390984061575,,3.9773618905657564,,,,3.074866963448884,,6.151263766529089,,,
160610045,2.367443893949572,,4.714131967850517,,,,,,,,,,,
32515402,4.003284362965412,,6.248548787246558,,,,,,,,,,,
32515405,7.5120066855066,,,,,,,,,,,,,
57700036,,,,,,,,,2.3458765058744495,,,,,
64400004,,,2.848593281161365,,3.046868380876071,,3.1417824363046156,,1.769326928936747,,3.7953871025898134,,1.8568217897850392,
57740016,6.39339001765806,,9.023590280447571,14.297076540520447,3.1956260359227517,,5.831534652972094,,3.0749235033181765,2.4581136256987115,,,2.549661012118571,
120630252,,,,,,,,,,1.5601059151006758,,,,
34510002,4.022088415679519,,4.852731759698675,,3.4781676579564618,,,,2.1870485939299864,,,,1.7038875534380489,
33610009,3.55028583587267,,6.185246592107354,,3.422706157190653,,2.7443368612560475,,,,,,,
94730121,,,6.154171873561189,,,,,,1.945310975716388,,,,,
73395007,3.8990041361036596,,7.805348339851829,,3.3947152073917093,,5.19073597782929,,2.5517964841236567,,5.658576027842296,,,
32575406,3.5602445204818447,,,,,,,,,,,,,
64330004,,,,,,,,,2.1082394538807505,,,,2.4065998707583267,
71315002,2.2689152450882575,,4.590555865495366,,,,,,,,,,1.7621771371265866,
97725712,,,7.8389522065174475,,,,,,,,6.846681907462506,,,
34590014,,,3.675546433125825,,,,,,,,,,,
150910060,,,,,,,,,2.503290396289405,,6.436830990341407,,,
82255004,6.296458582193637,,,,3.6003008600491313,,5.464309943102287,,3.003496663731817,,6.240894987068067,,,
91740136,3.055477125850327,,3.6213864452867126,,,,,,,,,,,
91710117,5.054018554357817,,5.6542353680257555,,,,,,2.8007337488108988,,6.85020334474104,,,
91795132,,,,,2.839270335067532,,,,2.123495436842358,,3.582670124290027,,,
55580004,,,6.405779440862671,,,,,,1.8985021645793914,,3.9333575279702697,,,
93730155,2.568298572232072,,3.8792831973576267,,3.2846962202548076,,,,2.8104392012229744,,,,,
81190041,4.395126583630817,,,,,,,,,,,,,
82155006,,,,,,,,,2.4928637761530186,,,,,
31550012,,,6.302919448426562,,,,,,,,4.561773524939364,,,
91870129,6.214020006134936,,8.691790729274931,,3.489210116227241,1.3862943611198906,,,2.5460370391883367,,6.004732870574095,,,
33610003,,,4.637629620671691,,,,,,2.028590869403257,,,,,
96795648,4.43728135723099,,,,3.9231526811030872,,,,,,,,,
97805742,,,4.981366332650274,,,,,,,,,,,
73395006,,,3.1044097102288646,,,,,,2.025007917268249,,,,,
32575405,4.431599539860742,,,,,,,,,,,,,
32575407,5.373331304158375,,,,,,,,2.933025262555488,,,,,
92745222,5.418119669760408,,7.463881732421996,,,,,,2.9004563624160467,,,,,
32570003,4.741608599322175,,,,,,,,,,,,,
83155009,3.0697541287777175,,,,,,,,,,,,,
150850055,,,,,,,,,2.2625363373659133,,,,,
64320015,3.0019995324387754,,3.538769862859599,,3.161055477217881,,,,1.87908165772537,,,,,
64320017,3.127929601817111,,3.6727247784808634,,,,4.653678691274566,,3.3318941725569777,,2.84772713899513,,,
64360009,2.4639233818556767,,2.7783934575425753,,,,,,,,,,,
10535323,4.900862739573512,,7.338805415316058,,,,3.223341784803912,,2.316249857014493,,3.2897975871882426,,,
66330023,4.880114320525733,,8.605733926078257,,,,5.481203916967852,,,,5.914043378857685,,,
34560015,4.59982123948199,,8.602343276402797,,3.554749513274082,,5.457219195921706,,2.4897266380155196,,6.002021344224946,,2.304701990050693,
57540040,,,4.87816749589599,,3.1284402781264364,,,,2.7662166671537127,,,,2.0478749136804932,
34580013,4.296565840847472,,7.473783483138539,,3.7716391418682855,,,,2.712947278784471,,,,,
73405008,6.088126038797845,,,,3.9405499842022236,,,,2.706954238600989,,,,,
10595974,,,,,3.7113417550077505,,,,,,,,,
32540005,3.5528231356154296,,,,,,,,,,,,,
130745456,4.649430956220216,,,9.66770370057088,3.8959761972474376,,,,2.55065686170361,,7.336753219658051,,,
34550007,3.6294478140064768,,,,,,,,2.2496701898333606,,4.056302649502685,,,
82260107,,,3.380440371961634,,3.3299145798665766,,,,,,,,,
91815139,5.39947430873128,,8.55104822180611,,,,,,,,,,,
10550004,3.240531785440469,,,,,,,,,,3.222786063083982,,,
81165009,2.708608356468022,,3.4076181828733265,,,,,,,,,,1.7374046341912672,
93750165,5.239930646252249,,6.098271598307424,,3.750689815495257,,4.160713179690716,,2.6791145992305,,5.609109074422014,,,
150840235,,,,,,,,,,,,,1.9571314402321836,
10620061,3.7531584037314527,,4.096872525676112,,3.0772411587356387,,,,2.0880869647145857,,,,,
84255002,,,,,,,,,1.9836024054161119,,3.857249416542118,,,
31570009,,,7.178985003579037,,,,,,,,,,,
91880120,,,3.0817483545052617,,,,,,2.1199648803493245,,,,,
130755561,2.829053365621383,,3.3303614938206696,,,,,,,,,,,
145230320,4.150990198577964,,5.253813709605095,,,,,,2.2000522261188045,,4.4069208479032715,,1.6802743428540232,
93720137,,,8.596149364404617,,3.6205902237172274,,5.262741678874631,,2.957770959710292,,,,,
59540024,,,3.241590008069151,,3.1499183758325717,,,,,1.470392755598282,,,,
59620028,,,6.1783592770803395,,3.14236223047374,,,,,,,,,
59780032,2.6150223063367037,,4.011382903977545,,2.8514133485576205,,2.6164655619466815,,1.9652097892694855,,,,,
31515405,3.3629867031478606,,4.8202887784733,,3.5361043186064367,,,,,,,,,
55660060,5.653883055211723,,8.682794569031868,,,,,,2.7825204366845497,,,,,
81280126,2.7219976344804437,,7.4916833251337716,,3.0429518156450643,,,,,,,,,
57620024,,,,,3.573819927568842,,,,2.909610678275695,,,,,
93750213,4.958362363757137,,6.410706622410257,,3.9325256247761087,,,,,,,,,
51540040,,,,,3.372867745103604,,,,2.8903150555304182,,,,,
91780116,,,8.501912756202556,,,,,,,,,,,
34620019,,,5.497125175862995,,,,,,2.806172920834783,,,,,
145210170,6.719071914671803,,,,,,,,,,,,,
146265227,4.9050085514761586,,,,,,,,,,,,,
66310020,4.967855389299632,,4.982518218018325,,3.5281008795759887,,4.6604864033724285,,2.531985433403532,,5.241750002629766,,,
57620032,4.07910544213417,,,,,,,,2.44647516586585,,3.929420307022579,,,
31570002,,,,,,,,,2.7827188851008655,,5.8995241433737435,,,
81355002,,,,,,,,,2.2150170947368593,1.524778136327018,,,1.7689357518416453,
82255008,4.407430347534046,,,,3.4852463996663046,,,,2.308703509826749,,4.0562291112537965,,,
34570002,,,9.924841704144127,,,,,,3.126702116216517,,,,,
96710121,4.613091171113714,,5.9671850973233465,,3.1002423953462905,,,,2.317278702219298,,4.575921612267006,,,
146270230,4.203434998699029,,3.9061366119127108,,,,,,1.916397026455641,,,,,
97715771,7.455587546855744,,9.260182342867978,,,,6.287645760080029,,3.0658821045852926,,7.169761622868026,,2.9210354917491568,
160680051,3.564470661753848,,6.617406706474188,,,,,,,,,,,
32515401,,,5.901722595646354,,3.6218641806078486,,,,,,6.436830990341407,,,
81185005,2.4978364994643707,,,,,,,,1.6174011168100129,,,,,
10605024,,,7.609691893597407,,,,,,,2.299629179670433,,,,
91720117,,,3.95538722013361,,3.232383173625998,,,,,,,,1.8043997488539592,
120640336,,,,,,,,,1.9099396042893495,,,,,
160705002,2.9348379865132483,,2.9390217195030996,,,,,,,,,,,
100450111,,,5.522565555692422,,,,,,,,,,,
83365001,,,9.129933507410342,,,,,,3.1512798991996154,,6.549787782723196,,,
97725708,,,,,3.560695006665308,,,,1.8464974794847755,,3.249519239209588,,,
82260012,5.060552553645457,,,,3.676819205411516,,3.9275218931227798,,,,4.988266483909359,,2.507849941570788,
83260005,,,,,3.104492863550533,,,,,,,,,
93755335,,,,,3.3699629403699536,,,,,,,,2.457674861700755,
93750119,6.322184444394315,,,,,,,,,,,,2.530369502364114,
59620020,5.4779287284768285,,9.172952745725674,,,,,,,,,,,
120690306,4.7149732754953755,,6.152464822989633,,,,,,,,,,,
94740140,,,4.428590832449041,,,,3.060509601398829,,1.9095029899979794,,4.182269498167121,,,
94740135,,,7.755637725141126,,,,4.05623007097879,,2.5989230651189654,,4.640460301317226,,,
83355005,4.798606400400888,,5.723185416121524,,,,,,1.9546945199063013,,4.277298531095457,,1.9513207255358078,
83255002,3.4275845236307383,,6.212391410952693,,3.339724322349274,,3.739961732178765,,2.3583814885842265,,,,2.1324988193046983,
73380005,,,,,3.217606414203963,,,,,,,,,
150880195,,,6.341891048256971,,3.5679961411680896,,,,2.75103146561682,,,,,
32540026,2.372123888743552,,4.041445664686673,,,,,,1.9841723873917874,,,,,
147300230,,,3.9878241193989212,,,,,,,,,,,
10580135,5.034053106872628,,6.3179150221923255,,2.9880048446733225,,,,,,,,,
71405008,,,6.395199794078864,,3.5763888911247177,,,,,,,,,
66310007,,,8.68127388311647,,3.864459035909108,,,,,,,,,
96775625,5.002420357524439,,4.144886682099089,,4.164592750016122,,4.604529522429194,,2.8650073585870253,,5.105206139164882,,,
71310007,4.94719071262549,,,,,,,,2.602030683791924,,,,,
73345005,,,4.6807250285560915,,,,,,,,,,,
160630103,4.824777759376288,,6.271693014186448,,,,,,,,,,,
66310002,3.1860885088025563,,2.7993809548771673,,,,,,,,,,2.4025121385928276,
57700008,,,,,,,,,2.528172922749538,,,,,
97765735,5.730392536311439,,,,3.3322740930797736,,4.3688447624723326,,2.5308632144605467,,4.719082156517119,,,
71335011,,,,,4.58901733827285,,,,,,,,,
51620020,6.277689540986654,,3.837601003493937,,2.97438989048438,,2.5524924317405753,,,,2.37019129957479,,,
91760114,5.342514510796128,,8.66100127788102,,3.9662707346292256,,5.498527039030757,,2.732570049850181,,6.397690111823569,,,
81175007,,,,,3.2408616976167433,,5.405572611435436,,,,5.870452744897985,,,
10560048,2.7338687892907285,,3.153271065776373,,2.8975703967276134,,,,,,2.982678764089261,,,
33570016,,7.8094397405896405,,,,,,,,2.283842452672898,,,,
147290190,,,2.6297694922830543,,,,,,,,,,,
71375007,,,3.3873950195997073,,,,,,1.9330440608649628,,,,,
91880113,,,,,,,,,,,4.583365641417407,,,
94725413,,,,,,,,,3.1897543992079394,,,,,
53660032,,,5.54818434638739,,3.480292925836636,,,,,,,,,
95760111,,,,,3.6700969613564127,,5.893863153228538,,,,,,,
34610007,6.1580504381771775,,7.247072748683664,,3.50797168174949,,,,2.287131853169921,,,,,
84375005,5.2413157385529905,,6.790948646228167,,3.172252666388379,,,,,,,,,
91765119,,,8.800851511896681,,,,,,,,,,,
93770116,6.585303228024539,,6.350355687482798,,3.78967715141829,,,,3.1159167138437067,,,,,
34580005,2.884730430461943,,4.095908924410108,,,,,,1.7864530029472039,,,,,
120625205,,,8.188060738180798,,3.088232349192138,,,,2.5695310720902027,,4.0857788209317825,,,
150860080,,,10.185788458319628,,,,,,,,,,,
92750153,6.147250338444851,,8.60696794278706,,,,5.5063363540307035,,2.838190744671094,,6.080774823572704,,,
73335002,,,3.7189347326962814,,,,2.543666176451317,,1.8893906769268078,,3.5451336613100115,,,
55540060,6.062264408834712,,,,,,,,,,,,,
92785256,,,8.109790460565426,,,,,,,,4.86279410751464,,,
64390017,2.418485414687245,,,,2.485687251648778,,,,,,,,,
71310077,,,,11.156322097636556,,,,,,,5.558830561977938,,,
130715153,4.544575594643533,,8.020583740796878,,,,,,,,,,,
51540032,5.966147940520175,,5.59104092003332,,3.1560048288329283,,,,2.6750318897656546,,,,,
84375007,6.285666276561791,,7.345660758014034,,3.7188607388886212,,,,2.9340796663408693,,,,,
93775347,,,,,3.8915479590510644,,,,,,,,,
81355001,,,,,2.9490193501860156,,,,,,,,,
10575785,,,,,,,,,,,,,2.2671395177363984,
145245114,6.611213890631111,,,,,,,,,,,,,
33575404,,,,,,,,,,,6.6253160939375,,2.1443004738124523,
97710112,,,,,,,5.465058963886332,,2.89064588279174,,,,2.649305207835051,
10605043,,,7.482289753806934,,3.6009294838624655,,3.973789418021032,,2.882518379773043,,,,,
84375001,4.498592509119528,,,,,,,,,2.01717803812081,,,,
96790185,4.8726893507562945,,4.72927873422573,,3.0123351968505037,,3.2039267020462843,,,,,,,
150870130,4.500176312588424,,,,3.037743852906081,,,,,,,,,
65330015,,,,,3.277622891230264,,4.6375787417474985,,,,,,,
73325005,,,,,,,,,,,5.422556733241045,,,
64340011,4.64448873055445,,6.020849114451122,,,,,,2.695688158242692,,5.600615328371507,,,
65340008,6.48468510459769,,,,4.034633802957238,,,,2.831370757526232,,5.746857862072126,,,
91890120,,,,,4.542307422156018,,,,2.12773600380372,,,,,
65320010,,,9.19389596829184,,,,,,2.9090814048880476,,,,,
94730158,6.894382497020464,,,,,,4.495025646316512,,3.330408916570098,,,,,
81165008,5.602261914657117,,8.014671661848862,,3.463415073708352,,,,,,5.9050558049206865,,,
81285002,5.31378612982113,,,,3.6435858818618647,,,,3.0865464930122193,,,,,
10585893,,,8.459151546982527,,4.138754510757179,,,,2.4047996386417796,,5.9986125458892285,,,
32575401,,,,,,,,,,,,,2.2842330536729256,
96795649,6.276412472943401,,,,3.3318983877227835,,,,2.8867336558752994,,6.060468532679606,,,
93775349,4.7670431608569555,,,,,,6.05821374891673,,2.6457586390397267,,7.588003380863777,,,
145220150,3.7382261212875125,,3.695271505026027,,3.0197288707568184,,,,,,,,,
92750124,5.7884951591423945,,8.580335238509724,,,,,,2.3832486418390566,,,,,
100410514,4.589882825932025,,,,,,,,,,,,,
64310017,,,4.360312145039035,,,,,,,,,,,
64350007,4.434271903638647,,6.125348650088311,,2.85012877679934,,3.9778174561934545,,,,,,,
130725257,,,,,,,3.353103297489512,,,,3.842819248874309,,,
91890140,5.7448705925492325,,4.265534010150604,,,,,,,,,,,
81150051,2.7435918439637614,,,,,,,,1.7828144123037364,,,,,
146270310,,,,,,,2.3042518296842704,,,,3.148038144212355,,,
146270140,2.6864229507461292,,3.302818608573184,,3.755867715605838,,,,,,,,,
83170141,,,,,2.8073267955261576,,,,,,,,,
84375002,,,6.590083772204832,,3.3371345622854673,,,,,,,,,
55700040,5.704890352466767,,8.429092654171818,,3.5887005448534244,,,,,,,,,
130715151,7.39880246446431,,,,,,,,,,,,,
71345005,,,,,,,,,,,5.99941970401922,,,
64400017,4.347144530410327,,5.412464797585491,,2.8080944474160816,,,,,,4.6042086399125015,,,
83365005,4.156898494227436,,4.748224227495034,,3.0198407958469535,,,,2.225782312287984,,,,,
81175008,3.542914094947611,,,,,,,,,,4.679087899172026,,,
91890157,5.245287042588542,,7.488289115287411,,3.6197336015447403,,4.0069529091786205,,,,5.900016126947343,,,
82165006,,,8.718167924393317,,,,,,2.3898862257771456,,,,,
97760129,,,,,,,3.414332961705159,,2.5788351868249717,,5.000246027874429,,,
83175003,,,,,3.3869240489416588,,,,,,,,,
64370009,,,3.5395225561996257,,,,,,1.8152589532231216,,,,,
130725253,,,4.048526376983386,,,,,,,,3.921097731618299,,,
94720179,6.44443127919844,,,,,,5.495369552269041,,3.1473991330901727,,5.987258338693216,,,
150870370,,,,,3.057376108881161,,,,2.043970607114015,,,,,
130725254,,,,,3.5948127151679405,,,,,,6.072630579149913,,,
59620048,,,6.438799362381596,,2.867982484778576,,4.129740658479254,,,,4.3265989320604366,,,
83155003,,,,,,,,,2.030022380605295,,,,,
73380019,2.5727342532385515,,,,,,,,2.6466358761471915,,,,,
92765238,6.7606509780589334,,,,,,,,2.7414823515299944,,7.1647755330832865,,,
95730133,,,9.496531732036706,,,,,,,,,,,
10560002,3.096718834575347,,3.1254132736030336,,,,,,1.962144804661463,,3.4351633271847954,,1.693613175719669,
150840355,5.246960815943919,,5.775601210664712,,,,,,,,,,,
34580007,,,8.976322144060958,,,,,,3.363600990115723,,,,,
34600006,3.1170763222194635,,4.717734698499492,,,,,,2.786033551472177,,,,,
34600008,3.5507656762424866,,,,,,,,,,,,,
92735216,5.667553915646873,,,,4.196158801468795,,,,,,,,,
145240200,,,6.286646054522971,,3.5309831421259084,,,,2.540570752680119,,,,,
83155017,,,,,3.544526703794059,,,,1.9275615832868525,,3.2601988877511006,,,
57740028,6.183697972717365,,8.716992980538777,,2.784709933387602,,,,,,,,,
64310005,4.872162327056906,,3.0605284102146335,,,,3.3767377386710637,,1.7798133633126039,,,,,
91775125,6.203518622114432,,,,3.699978046572687,,,,2.9886442189495748,,,,,
73315007,,,,,3.266395852911688,,5.278762010612112,,,,,,,
83165006,,,4.1825618527694415,,,,,,1.7987603483446388,,,,,
34590024,4.036678566181863,,5.21771593945303,,,,,,,,,,,
91840146,2.744323470554854,,3.5172867972156032,,1.5742361498054125,,2.072619048189111,,2.609147155978828,,,,,
64350018,,,,,3.0843451460629723,,,,,,,,,
95720130,6.136128187540129,,8.614395096398667,,,,,,,,,,,
81350025,,,,,,,,,2.1769015724699394,,,,,
81185003,,,,,,,,,2.623201944548472,,,,,
96760160,,,4.036822534816323,,,,,,2.1637101272328993,,2.9575686213520838,,,
82370004,3.4456953611284327,,8.776406653757228,,,,,,,,,,,
91905177,,,,,3.6488190671783998,,,,,,4.883831796637081,,,
95760117,,,,,3.1825548025799653,,2.8993673976986027,,1.9783512750001566,,,,,
83155011,,,,,,,,,2.130712974403553,,,,2.5003683195212814,
91780120,,,6.288918522225342,,2.664291226906248,,,,,,,,1.630837880129759,
33510012,4.771703977214302,,,,,,,,,,,,,
53700032,,,8.579746777291339,,3.2158102786024645,,,,2.8520379399113445,,6.062653730501015,,,
66330005,4.247978815804809,,6.328034104933604,,,,,,,,,,,
91770130,3.3830381953167707,,,,,,4.532738229881093,,,,,,,
147305311,4.650926388954678,,,,,,,,,,,,,
97775749,,,8.661101159575459,,,,,,2.9416637175277627,,,,,
55660048,3.2878491492650794,,6.167775397424853,,2.882063927784284,,,,,,,,2.1518235441817493,
57660032,,,5.429214920926099,,,,,,,,,,,
64320013,5.036006820966481,,9.060356480502534,,,,,,2.913642882173489,,,,,
91740111,3.9227917909516483,,5.317966158590335,,3.4268136599771166,,,,2.6715612751748257,,4.931318054423361,,2.549545674838854,
73345002,5.033814964673568,,4.229245937115807,,2.8372557456326515,,,,2.155794128467079,,,,,
82255009,,,4.090643552315334,,3.4929440948287396,,,,2.778253642135008,,3.8705603922322807,,2.27001075780711,
146270180,,,,,,,,,2.480189876495744,,,,,
64360011,,,2.9577266138994354,,,,,,1.747478155734314,,,,,
81165001,,,5.026907655875018,,3.0406240231916324,,,,,,,,,
91890149,6.151014524817898,,6.350355687482798,,4.206636026716061,,,,,,,,,
100420117,6.098553923028895,,8.579813142255885,,3.123850178956882,,,,2.7787206337014103,,5.9284710453720475,,2.3640753072840583,
51700004,2.318797442937307,,5.3690027328464165,,,,,,,,,,,
91890152,,,7.72819086301287,,,,6.368067030186924,,3.424632597489553,,7.463952016890928,,,
84250141,3.385976497453799,,4.46125763569652,,3.0944368208203255,,,,,,,,,
51580016,,,3.130445528627873,,2.623211467233079,,,,1.8410237995361423,,,,,
96710112,,,,,3.6157664797531592,,,,2.9765873356196706,,,,,
64310021,4.338208495566074,,8.781428815969349,,3.0802690864884252,,,,2.8748516322561812,,6.124786569797705,,,
150840590,2.49518906560678,,4.8936364983957095,,3.016192551872111,,,,,,,,,
91810122,,,,,,,,,2.174643385748161,,,,,
120645414,6.6139034637135605,9.657876161376198,,,,,,,2.9905969968958765,,,,,
120640512,,,7.849587762729078,,,,,,3.0684209900214054,,,,,
120690020,,,,,,,,,2.724282531518176,,,,,
92745223,,,9.839889633171564,,4.409422278594068,,6.13961019613312,,2.9995136821496313,,6.92688757434936,,,
145240250,,5.976535642490654,,,,,,,,,,,,
91860146,,,,,,,,,2.244799741507922,,,,,
73315001,,,,,3.2326874401467656,,3.777647635130177,,2.283216044615912,,,,,
160610115,5.206601854635885,,,,,,5.481357076760092,,,,5.548766852633389,,,
10550042,,,6.307546074754822,,,,,,1.7735620938253238,,,,,
32520007,,,3.1734761050468663,,,,,,2.47147308967349,,,,,
73380025,,,,7.238281849105906,,,,,2.3926206031976833,,5.90864662332286,,,
71325009,5.326802355736497,,3.4659091660272443,,,,,,2.1165540834910006,,5.057344879623115,,,
81175010,,,5.144267631606341,,,,,,,,,,,
82260009,4.458804856136222,,4.888393708473171,,,,,,2.253647311101621,,4.120534976221544,,,
150810135,6.511697036715823,,6.938976903818784,,3.8787554726491478,,,,,,,,,
64370016,,,,,,,,,2.766384750782241,,,,,
120660196,,,3.7497344319258956,,3.0153032030342617,,,,,,,,,
32555409,4.62091699780617,,9.475658094052974,,3.183611494846981,,,,,,,,,
10535313,4.03818298711186,,8.10312123431996,,,,5.1718654071095225,,2.495861359358376,,3.9080497684444735,,,
130735358,5.413064202401193,,,,3.4804995670648315,,,,3.0575132974295958,,,,,
95775534,6.830364216732379,,7.737439214870387,,,,5.828704869688378,,3.1217879642325603,,6.63093104220141,,,
57740024,,,,,2.770733380205424,,,,,,,,,
150850330,4.492153518931981,,,,,,,,2.3942757387976155,,,,,
96790202,,,,5.627567374955573,3.121905244692542,,,,,,,,,
81250107,,,,,,,5.576011208703149,,,,,,,
73405004,,,,,,,,,2.215055066306782,,,,,
53580036,4.306179198862547,,,4.821050099937151,,,,,2.6218242371027807,,4.827822385379813,,1.8632918820326347,
33510026,6.404769649954386,,,,,,,,2.824437191329848,,,,,
100440117,,,8.580271373811312,,2.979216266210097,,,,,,,,,
71405004,,,,,3.1472916874539116,,,,,,,,2.3967877781868365,
92770149,5.501066398378389,,,,4.003089652923428,,,,,,7.226127953998138,,,
91760123,3.5956426019008827,,4.107291184794132,,,,,,1.8848764373534346,,3.287076919884925,,,
57580028,,,7.105984089862245,,,,,,2.7508577367672853,,6.6610817437639644,,,
34560001,3.144722268857487,,,,,,,,,,,,2.1870247328628785,
57700040,,,8.819521525860191,,,,,,2.85135282396985,,,,2.6058875634714305,
66330008,,,4.2110750714945295,,,,,,,,,,,
72310134,,,6.190385205468356,,3.3796090167912127,,,,,,,,,
10615189,,,7.294060340342446,,,,,,2.521240715439083,,,,2.22173255401577,
59620012,5.759499856778149,,8.652119446220981,,3.3560782824263717,,5.444450368783983,,1.8780485974229468,,,,,
81195006,2.5996560044951895,,2.3137201805605563,,,,,,1.7432712305598688,,3.4756578752972707,,,
31590010,4.650826369069255,,7.162383930201919,,,,,,,,5.450454573180094,,,
10605063,2.7442507996252736,,,,,,,,,,,,,
91870114,,,,,2.8633411547772694,,,,,,,,,
73405009,4.315728103857377,,6.338071421289855,,3.353398898772283,,,,2.854478919452136,,,,,
10560041,2.9182076256287077,,4.133744324637768,,,,,,1.9374200116010658,,,,1.62080601022862,
51660020,,,,,,,,,2.7294807316153444,,,,,
84365007,,,,,,,,,,2.276410945233327,,,2.4983562251166935,
100440120,,,5.124877010649826,,3.425083666338515,,,,,,,,,
82160008,,,,,3.1519908090421573,,,,2.416378630053612,,,,,
53580044,,,8.093556951681618,,,,2.495503185319364,,,,,,,
91755112,,,6.258811289788449,,3.058967001368742,,,,,,,,,
97720202,3.425978064934519,,5.531620159251745,,3.0259193763855836,,,,,,,,,
72355001,,,8.861729142539826,,,,,,,,,,,
150850228,6.136289382123468,,8.740956526357971,,3.565741368802206,,,,,,,,,
83175002,2.934981411091377,,6.178536365698886,,2.815684369386621,,,,,,,,2.451789095865497,
55540052,,,,,,,,,2.7938834823761285,,,,,
97725711,,,5.21209678364393,,2.8927525827532587,,,,2.5975127286709023,,4.71986611379289,,,
83375005,,,,,,,,,2.8326005011367172,,,,2.358824533650651,
145210390,6.1851030417431625,,,,,,,,2.6788411479249734,,,,,
55660004,,,,,,,,,1.9610056769200406,,,,,
93710136,6.139661072214454,,,,,,,,2.2923473123253832,,,,,
97775756,5.696465603599279,,,,,,,,2.3901246481505423,,,,,
92750146,5.382051247224587,,6.3832041624810465,,3.6227050446775073,,4.752706724481625,,2.815426172654411,,,,2.434922210389677,
82375005,5.170054852631901,,,,,,,,2.7975444647221472,,,,,
64350028,6.122807074158168,,7.1108093779208925,,,,,,,,,,,
10550001,6.172807545782667,,,,4.295363409808721,,,,,,,,,
10540168,,,,,,,,,2.3268560849197555,,,,,
83155005,2.4222208044710207,,,,,,,,,,,,,
91720132,5.532746637825179,,7.200371481036155,,3.7170108770476284,,,,2.9153459709906793,,5.368940714197732,,,
51580008,,,,,,,2.910974950580868,,,,,,2.005614691922179,
120660304,,,3.596340843599589,,3.4854639452293608,,,,1.8463905855470393,,3.670219675934392,,3.1953680882411017,
82365005,,,,,,,,,2.0672518124220547,,,,,
57620040,6.099226767855084,,,,3.829425370203822,,,,,,,,,
93765342,,,7.930815107404784,,,,,,3.1186817253519945,,,,,
82150105,2.834109921176011,,3.373762884883927,,,,,,,,,,,
160745053,,,,,,,,,2.455401984108896,,,,,
94710140,,,3.3347274602874597,,,,,,,,,,,
92780118,3.384577192648446,,6.293201312973522,,3.367540304418055,,,,,,,,,
96725609,,,5.787711734845986,,,,,,,,,,,
64320005,,,3.443110537346138,,,,,,,,,,,
120665607,4.685774346440396,,,,,,,,,,,,,
120720240,3.425510375793913,,5.154248155799215,,3.213013897419037,,2.6954367018483008,,,,3.766207841498541,,,
91820116,,,3.428430230071344,,,,2.7162233422027993,,1.9599855920824756,,3.888799806785011,,1.9923518694952578,
120690454,,,,,,,2.9301651664737465,,2.1218969596385557,,,,,
10530129,2.822540346233212,,,,3.6840377227514436,,,,1.867865756291846,,3.76654551957272,,,
66330006,6.230348423472465,,8.54629426211408,,,,,,2.7770270660975687,,,,,
10545494,6.026916346727832,,5.657641067534595,,4.210491360495302,,,,,,,,,
160695004,,,,,,,5.170023793934685,,,,,,,
55700012,,,6.882504505939994,,,,,,,,,,,
81185004,3.168755166410802,,,,,,,,1.7160036696350873,,2.803242524641864,,,
94710220,,,9.924841704144127,,4.756376970663391,,,,,,,,,
81365004,3.063190989429703,,,,,,,,1.73679453072951,,,,,
31515402,,,,,3.894124397192835,,,,,,,,,
71345002,3.7331524971346624,,,,3.3413253877048557,,,,,,,3.3224707996589014,,
120730572,6.020845044410135,,,,,,,,3.2467185829397147,,6.627187344264914,,,
83155016,4.305804499542232,,2.916953033081437,,2.7865819956367144,,3.0007797175182715,,2.693245856014327,,3.79220889417766,,,
65320001,2.548999457440468,,,,,,,,,,2.998421550936444,,,
33580021,,,4.8712222708710105,,,,,,,1.70465584942879,,,,
10595996,,,9.312079058582503,,4.055938177656963,,5.387767343734819,,,,,,,
160645055,,,,,4.136396018473549,,,,3.221583309051717,,,,,
66330010,2.5004635484695354,,5.2918344126727925,,2.831389285012395,,,,1.8959414774220715,,2.892553651915678,,,
145210550,,,,,2.787664421284708,,,,,,,,,
65330014,3.107455854142657,,5.612550727192555,,3.360011553916228,,,,1.664430608721025,,,,,
34570013,,,,,,,,,1.8759917964895947,,5.428596311787206,,,
82360030,,,,,2.770009526618919,,,,,,,,,
84255004,,,,,3.538724526965235,,,,2.664780158418659,,,,,
120690616,,,,,2.2438523848182452,,,,,,,,,
34540018,,,,,4.088289931965634,,,,2.9388863692026588,,,,,
64390002,,,6.919822254025636,,,,,,2.274447765257407,,,,,
91750124,6.055076742947058,,6.084435111584731,,3.3565582807323096,,,,,,,,,
96780150,,,8.489902650440033,,,,6.166111467919855,,,,,,,
120730452,,,3.1296389365583113,,,,,,,,,,,
64370013,6.100198940088667,,,,3.278424263407201,,,,,2.810563260362977,,,,
100430116,3.3628723015028363,,,,,,,,,,,,,
91840112,,,5.144109586270693,,2.689421757738752,,,,,,3.8731726763855043,,,
83155002,,,,,,,2.3930055766918725,,1.9116543950466827,,,,,
130735360,,,,,,,,,3.2532211732510334,,,,,
64390012,,,2.6314654729950577,,,,,,2.0565736274738775,,3.611898264365814,,,
59700028,3.8048194087562677,,,,,,,,,,,,2.1559236939499113,
81180051,,,3.1797719243849576,,,,,,2.1404750389910556,,,,,
130765658,5.392569633763261,,9.839889633171564,,3.792392548582283,,,,,,,,,
34610002,,,4.784913743272955,,,,,,1.72778226270225,,3.695749503420623,,1.6119406098537306,
65330006,,,,,,,,,,,,,1.7114605111090155,
160615001,,,9.412504328466323,,,,,,,,,,,
34530006,5.040975767764183,,,,,,,,2.9177555847323586,,,,,
96780115,,,,,,,,,2.312699798969769,,,,,
130765654,6.196991047027289,,8.582304680445716,,4.07764024507213,,,,3.276765509875508,,4.991348974501087,,,
81360050,,,,,3.177536196235854,,,,1.9011691043680878,,,,,
91750133,,,,,3.422455639759285,,,,2.4383503165325586,,,,2.371151633085631,
10615134,,,,,,,,,3.157433167854111,,,,2.8193138866638194,
92770116,2.6858106928596235,,3.845683362360533,,3.149951081638789,,3.2957765204297433,,1.9145845763697462,,,,,
32550023,,,,,,,,,1.927591806173284,,,,,
91835149,6.936632347184586,,9.599377273351848,,4.295047969055224,,6.986179824788339,,,,,,,
91815143,3.4038431708620522,,5.909387565062338,,,,,,,,,,,
10565687,,,,,,,,,2.4517660584577348,,,,,
71375001,,,5.688669818397432,,,,,,1.9741925127605238,,,,,
64400018,6.182195474973181,,7.1795377576038355,,,,,,,,4.813582161291145,,,
33580016,4.3312824622467545,,,,,,,,2.537725890173934,,,,2.1350599503462395,
81275001,,,8.649050777692192,,,,,,2.9620924658091954,,,,2.238315582315538,
31545404,3.389500213367431,,,,,,,,,,,,,
10625244,,,,,,,,,2.392044086752684,,5.447412607078806,,,
100450112,3.3781253624452177,,3.418163265194157,,,,,,1.691475203216334,,3.138525925288714,,,
64350012,3.3098985409240944,,6.068002204010718,,,,,,,,,,,
55540048,6.307427619108752,,8.660917860654587,,,,3.849999404657079,,2.898363926202897,,4.288359950628819,,,
82360071,,,,,,,,,1.8684793433260038,,3.2030469462358817,,,
33570039,3.8737098559005423,,,,,,,,2.181215807549298,1.7450016192615836,3.2593634868057912,,1.8735133217014177,
120710057,,,,,,,,,,,3.96365334047843,,,
10595919,,,,,,,,,,,3.5530953362963507,,,
81150052,6.1510227845434695,,,,,,,,2.263140299030147,,4.262931483434188,,,
71325008,,,2.895895709452694,,,,,,2.047398194163532,,,,,
160735012,,,,,,,,,3.1842017255180832,,,,,
160640003,,,,,,,,,,,,,1.6549650897468013,
147290140,,,,,,,,,,,,,2.119893599017495,
64390001,,,,,,,,,2.7679452891056697,,,,,
91895170,7.109281520599569,,10.06381473325072,,4.376774982523623,,5.903164793852477,,3.478124113010824,,7.495649625384492,,,
10595937,4.910364474826425,,8.778686400548555,,,,,,2.158503594046721,,,,,
145215115,,,,,2.6219083282373132,,,,,,,,,
33580002,4.458475904016373,,,,,,,,,,,,,
150905053,,,,,,,6.476538292799536,,,,,,,
130735362,,,9.1293485116488,,,,,,,,,,,
64360003,,,,,2.729017574958278,,,,,,3.218450329117452,,1.800471853587632,
96725606,,,9.839889633171564,,4.058367806171467,,,,,,,,,
64400015,,,7.881423370450082,,,,5.700753245136909,,2.9796236619552663,,6.035347776834859,,,
100440118,3.382091092525841,,,,,,,,1.9723364176315163,,,,,
81360045,,,,,4.246943717490781,,,,,,,,,
97800123,,,,,,,,,2.6862837389129073,,,,,
64380003,,,2.9299172311274195,,,,,,,,,,,
82355004,,,,,2.7936259059381126,,,,,,3.3746612164967984,,,
96765627,,,6.24327378540846,,,,,,,,,,,
120610020,,,,,,,,,2.7772930808635734,,,,,
92750145,,,,,,,,,2.5699600297001464,,,,,
92790127,7.073911065747786,,,,,,,,,,,,,
32510012,3.3594037214548655,,5.589526879964145,,,,,,1.7856388558772676,,,,,
71405003,,,,,,,,,2.6006252836146597,,,,,
120660176,3.8227151172735607,,5.107105692141502,,,,,,,,,,,
150815051,,,,,,,6.015553659465555,,3.061152600363058,,,,,
120700424,,,,,,,,,2.0757344910779976,,3.540757978385745,,,
10515166,6.136778462689404,,,,,,,,,,6.002021344224946,,,
33565401,4.316877278287176,,,,,,,,1.9430180785053583,,4.494310294821932,,,
34520011,4.9273523930463075,,,,,,,,,,,,,
81365005,,,,,,,,,3.0199830306263706,,,,,
32520003,,,4.917245870303952,,,,,,2.4311403151368727,,,,,
84155004,,,7.844742905899082,,,,,,,,,,,
83150076,,,,,2.8052962337881437,,,,,,,,,
81250039,2.8847614368464956,,3.863032767546242,,2.6126653898174754,,,,2.120191623437109,,,,,
81255001,2.490146148566849,,,,,,,,,,,,,
91715101,,,,,,,,,3.3941971104374073,,6.892805884361463,,,
83260031,6.114005481106529,,8.648868901935376,,,,6.656410825552739,,,,,,,
91720128,,,,,,,2.4629985075618563,,,,,,,
81195004,3.87810438827656,,,,,,,,,,4.113831238041539,,,
81275005,,,,,3.5548734631384398,,,,,,6.495687107643934,,,
130765666,,,9.316199542979472,,3.5207658964513513,,,,,,,,,
81165004,,,,,,,,,2.469086069029719,,,,,
33570008,3.7297364724949422,,5.875275771525242,,3.5942544742697176,,,,2.642791712252282,,5.340486012148169,,,
147295307,4.253269812774586,,,,4.010876339614938,,,,,,,,,
97725707,,,8.33516208517089,,,,,,,,,,,
150905051,,,,,,,,,,,,,2.3635158781047734,
34550014,4.026629842599727,,,,,,,,,,,,,
65310004,4.39427898480559,,6.264692773066084,,,,,,,,,,,
160620005,,,,,3.2773262191927577,,,,2.900771534322751,,5.939814603820783,,,
34570022,,,,,,,,,,,6.051419486954484,,,
34525401,3.0312012824085413,,,,,,,,,,2.945307954834188,,,
34580009,,,,,,,5.472583054029242,,,,,,,
93730156,4.039271141945264,,,,,,,,2.679243824849637,,,,,
53580056,4.6883270220756135,,8.504276768697256,,3.1312852777811098,,4.568077344639271,,,,6.626181455044721,,,
72325001,,,,,,,,,3.2059017314208003,,,,,
93745327,5.4016065412746626,,,,,,,,2.842017844825471,,,,,
93745329,3.247200739550442,,,,3.982797994716766,,,,,,,,,
57540020,,,3.3667053323932468,,3.048704973726495,,,,1.9543909981302556,,,,2.028976870404134,
146285202,,,6.511354256309357,,3.499993918379852,,,,,,4.588517447712086,,,
10595990,,,5.615689914249336,,,,,,,,,,,
73335004,6.091461910306075,,9.470073268511264,,3.382696850374258,,,,2.793508522908713,,5.924263043462169,,,
91900141,3.800773055943677,,5.188588218502937,,3.385104539173882,,,,1.8800362554885082,,3.5120320599680053,,,
97755740,,,5.042705180683313,,,,,,2.3327263877866877,,3.8267185593012187,,,
51700012,3.2552591010630985,,7.890899426658878,,,,,,2.376423034440939,,,,,
93730121,,,9.51744439001396,,,,,,,,,,,
82260076,2.341960055463839,,,,,,,,1.7871934470244455,,,,,
93750117,,,7.598271183047305,,,,,,,,5.378556948455357,,,
150830411,,,9.627984046131175,,,,,,,,,,,
82365003,,,5.664848493506344,,,,,,2.090099058694146,,,,,
95715504,,,10.739440517165141,,,,,,3.2379073290203775,,,,,
34020000,,,,,,,,,,,3.9960372556482113,,,
96775622,4.276587277717291,,,,3.5336636262126806,,,,,,,,,
31550003,,,,,,,,,2.492955923927344,,,,,
81190091,,,2.791339390235053,,,,,,1.7817972618090356,,,,,
82355003,,,,,,,,,2.4047132442809036,,,,,
51700020,6.061654928089191,,7.988691089712798,,,,,,2.7998473249931717,,5.860557817717281,,2.234207396775394,
57660004,,,,,3.0396833326589934,,,,2.5557799279115327,,,,,
59620044,,,6.174637195551468,,,,,,2.3127869433891357,,4.461310192398932,,,
160730111,,,6.016188222731952,,,,,,,,,,,
66330014,4.1556494698771695,,5.696014909554386,,,,,,2.172898992685263,,,,,
81160081,,,8.921869927500673,,,,,,,,,,,
32520002,,,,,,,,,,,,,1.8695726665425334,
160655056,,,9.110077198865305,,,,,,,,,,,
100460114,,,8.242728228231512,,,,,,2.0576787964018597,,,,,
130765662,,,,,3.687809186115105,,,,2.4921180598130555,,7.862464032660163,,,
130755559,,,,,,,,,,,5.977021915039292,,,
66310010,,,,,,,,,,2.700920467774245,,,,
32555408,6.1422577297535215,,,,,,,,,,,,2.3896710583613645,
55660092,,,,,,,5.768214991818883,,,,5.44011037438684,,,
71315004,6.245084825209183,,,,,,,,,,,,,
120690397,,,,,,,,,,,,,1.8842428048192408,
120690656,4.058461493467903,,,,,,,,,,,,,
92790132,5.415307301661856,,,,,,,,3.2862897037180185,,6.047760918466567,,,
83175012,,,8.096121626010016,,3.0995343202425847,,,,2.856642184769254,,,,,
94720119,,,,,,,3.7118979762015534,,,,,,,
120650225,,,,,4.154213972508421,,,,,,,,,
120680264,,,9.929088780444303,,4.287385789959046,,,,,,,,,
81365009,,,8.745943885135896,,,,,,,,,,,
64330001,,,,,4.045156743412421,,,,,,3.0298671801408448,,,
64330002,2.6364729333620462,,,,2.4162015547194704,,,,1.8403089481805364,,4.353498987911911,,,
83375001,,,6.273216633244565,,,,,,,,,,,
81255010,,,,,,,,,2.851155481951461,,,,,
92735215,,,,,,,,,2.9602218545849746,,,,,
32555403,,,,,,,3.944376377181462,,,,,,,
71355002,,,5.745880073751963,,,,,,,,,,,
65340016,,,,,,,,,2.376943859647564,,,,,
150890307,4.489512987387881,,,,,,,,,,,,,
84375003,6.23755584612178,,6.337116592153645,,,,,,,,,,,
130730011,3.5066250395397405,,,,,,,,,,,,,
97725709,6.988479455411849,,,,3.7522907868006836,,,,,,,,,
65330016,5.483951722141723,,8.57995839501555,,,,,,,,,,,
34600003,4.454071671749688,,,,,,,,,,,,,
96710134,,,,,2.113739847670686,,,,1.8016631845558093,,,,,
64350004,6.063909903512375,,,,3.0996627006871673,,,,,,,,2.4488323183305005,
96740133,,,4.435211608645276,,,,,,,,,,,
55540068,5.720880378112179,,8.702662060382353,,,,,,2.7901150502696765,,4.297350469913504,,,
84365002,,,,,3.0070174989076497,,,,2.196996609086296,,,,,
34575402,,,,,,,5.430466522608187,,,,5.941136732734009,,,
34520025,,,,,,,,,2.832026524677654,,,,,
91740118,,,,,,,,,2.073383956311935,,,,,
55660044,,,,,,,,,2.312370886599859,,,,,
71355005,,,,,,,,,,,6.975159470795849,,,
130735361,,,,,3.6474579972636927,,,,,,6.447853607678825,,,
64310019,,,,,,,,,,,3.401828830640117,,,
96765626,,,3.4924944999655807,,,,,,3.0993864640414377,,,,,
120690604,,,,,,,3.9950482790356467,,2.315573645552107,,,,,
120695904,3.664144853006735,,,,,,,,,,,,,
91735107,5.847604951416988,,,,,,,,,,,,,
66310016,,,,,,,,,,,5.115219385586013,,,
81265004,,,,,,,,,3.043515159914293,,6.51810706010226,,,
96780123,,,8.061396493991285,,,,,,,,,,,
96760125,,,3.6212727385520482,,,,,,,,,,,
32540022,,,3.9759603732012168,,,,,,,,,,,
81365006,,,9.06024775781909,,,,,,2.802927656872402,,,,,
160615008,,,,,,,,,,,,,2.437445523962149,
73375007,3.9699384137373044,,3.466069935327181,,,,,,,,,,1.9079193612282326,
120685805,,,7.307496983324432,,,,,,,,,,,
64330010,2.2577662115837214,,2.8494663385529333,,2.5884458485994672,,,,,,,,,
83150133,,,,,,,,,,2.1019789329759084,,,,
71415011,,,7.299669934574161,,,,,,,,,,,
145210500,,,,,3.4205619546024693,,,,,,,,,
81255007,,,,,,,,,2.734278444351645,,,,,
120625209,,,,,3.5336840580018976,,,,,,,,,
34540019,,,6.340486498790253,,,,,,,,,,,
91840142,,,,,,,2.43152808512652,,3.0532080536847808,,,,,
10565616,4.797325916332091,,,,,,,,,,,,,
147290270,,,,,,,3.5452998642440647,,,,4.618931388603389,,,
83155001,,,,,,,4.236171150904142,,,,,,,
10595949,6.400859215874683,,,,,,,,,,,,,
51660008,6.143423004365789,,8.669119235065216,,,,,,,,,,,
31580006,,,3.0309641533893816,,,,,,,,,,,
97735716,5.417833769660132,,,,,,4.298897955126738,,1.8119808947876042,,6.333263840242092,,,
97800119,,,6.203381634487449,,3.4702209342253747,,4.221422142950308,,,,3.827594446509103,,,
57620028,,,,,,,,,2.877434332505098,,,,,
72335001,6.10958898046067,,,,,,,,,,,,,
91775121,5.028680617908213,,,,,,4.523539970275849,,,,,,,
130755563,,,,,4.222884484435998,,,,,,,,,
64350003,,,6.435457539016911,,,,,,,,,,,
34610008,,,8.787577826382645,,,,,,,,,,,
146250330,6.209961413793237,,,,,,,,,,,,,
64400023,2.730719950713768,,,,3.4351587171919653,,,,1.97652108266929,,,,,
32520001,6.062799407495672,,,,,,,,2.7743403705058918,,,,,
55540036,2.6753557639717003,,,,,,,,,,,,,
64360010,,,,,3.054947864522238,,3.6109155715781367,,,,,,,
53620016,,,,,,,,,2.3627921952052553,,4.691021829600863,,2.133697949211835,
91765118,3.7346832662548213,,,,,,,,,,,,,
82150089,,,,,3.3008314531817122,,,,,,,,,
94710117,,,,,,,,,1.9306621115910496,,,,,
91710132,2.6940604195252953,,,,,,,,1.9913578254869373,,3.4048216316445377,,,
160710008,,,,,3.4767882936690837,,,,,,,,,
91840140,,,,,,,,,,,,,1.9616510107647689,
145215133,,,,,,,,,,,,,2.2587997124319696,
100440119,6.133746127721047,,,,,,,,2.8837616498220924,,,,,
33575405,,,,,,,,,3.1332798516155287,,,,,
10580092,2.633566411733863,,,,,,,,,,,,,
72310502,6.3176321275189995,,,,,,5.670743406565816,,3.061152600363058,,,,,
64350001,,,7.231750782583531,,,,,,,,,,,
145210035,,,,,,,,,2.0939463914597587,,,,,
73355001,,,,,,,,,2.445017982470334,,,,,
55660064,4.421003724712761,,3.2074706665995443,,,,,,1.9395869915760644,,,,,
92710125,,,8.591214190350655,,,,,,2.904037469743394,,,,,
150880025,,,8.616703192020328,,,,,,2.849449122124848,,,,,
81155004,,,3.484402847450034,,2.7362744985415386,,,,1.950686270828457,,,,,
34540054,,,,,,,,,,,,,2.907918978626005,
150890026,,,,,4.03604743035255,,,,,,,,,
34595401,,,6.641986236023075,,,,,,,,,,,
84155001,,,,,3.275908442954264,,,,,,,,,
71325006,,,,,2.8544951308539077,,,,,,,,,
64340013,5.596554444902545,,8.785310152650862,,,,,,,,,,,
64350027,6.52220679740044,,,,,,,,,,,,,
73325001,,,3.4513130780774666,,,,,,,,,,,
64400024,,,7.533241373882679,,,,,,,,,,,
59580036,,,5.748707983449277,,4.306804593793155,,,,2.462446990684366,,,,2.1302075382699126,
84255003,,,,,3.1874372133512088,,,,,,,,,
160660092,,,3.0404569452444306,,,,,,1.8622144081016085,,3.4274416297517662,,,
93760150,6.744984934165652,,7.926332533557365,,,,,,2.737879184217382,,7.7434342802329645,,,
160765053,4.854519397150633,,3.80673140023077,,,,,,,,,,,
81160047,,,,,,,,,2.282510584809935,,,,,
91870120,,,,,,,,,2.699378654641504,,,,,
91875162,,,,,,,,,2.9166454169575804,,,,,
59700012,3.1830223262756476,,,,2.805421302388421,,,,,,,,,
55660024,,,8.545874938876356,,,,,,,,,,,
91815141,,,,,,,6.776379525375558,,,,,,,
34610005,,,6.441748223771179,,,,5.334075093379331,,,,,,,
96735638,,,,,,,5.694482032934577,,2.984435033026354,,6.234830718177161,,,
160675007,,,,,,,3.8231068532020687,,1.876168433591377,,,,,
34545409,,,,,3.486998343424302,,,,,,,,,
100420111,,,6.904628812060462,,,,,,2.3870972673007707,,,,,
34565404,,,,,4.638278132264288,,,,,,,,,
100440112,,,,,3.01004228307769,,3.8250670374607827,,,,,,,2.107739089310526
91840141,,,,,2.8055595991586393,,,,,,,,1.975545460932293,
34545405,,,9.561164360059038,,,,,,,,,,,
71375003,5.726853201721734,,,,,,,,,,,,,
92725211,,,,,3.5764955017461904,,,,,,,,,
82360072,,,,,,,,,2.4103704008212885,,,,,
34590021,,,,,,,,,1.882398152966348,,,,,
160770032,,,,,4.118500367813598,,,,2.8670941195450492,,,,,
120630056,,,3.2918037528925885,,,,,,,,,,,
93755336,,,10.11417653832691,,4.4414492335387745,,,,3.1735197426112585,,,,,
82370045,,,,,3.0122787439648784,,,,2.922598133608454,,,,,
97765737,,,,,,,2.796580503994182,,2.3477630052574074,,,,,
33580008,,,,,3.81351065796538,,,,2.346243385664201,,,,,
71385001,,,,,3.3560572649006852,,,,,1.941777792369332,,,,
92785248,7.080125804497746,,,,,,,,,,6.989009070974505,,,
97720131,,,,,2.8896131798608033,,,,,,,,,
92740146,,,5.143961082475292,,3.8174727309305236,,,,,,,,,
83275003,,,,,2.9218482601029008,,,,,,,,,
34570017,6.148127502231732,,,,,,,,,,6.383496169436133,,,
150840490,,,,,,,,,1.878372010615537,,,,,
120640227,,,,,,,,,1.9335217581041122,,,,,
34540010,4.850273982164081,,,,,,,,2.560084433750969,,,,,
92745221,,,8.832969075608792,,,,,,,,,,2.7239504570574966,
65340012,,,,,,,,,2.5190645690405287,,,,,
91820129,6.1200997932809935,,,,,,,,,,,,,
96745610,,,6.585301944768245,,,,,,,,,,,
82360028,,,5.668652366220183,,,,,,,,,,,
147290410,,,,,3.479978298534025,,,,,,,,,
59740008,,,,,,,,,3.1154672383259934,,,,,
34520020,,,,,,,,,2.30283707832227,,,,,
120720426,,,,,,,,,2.2930573141810138,,,,,
120650165,,,,,,,,,,,4.720153912162906,,,
31590002,,,,,,,,,,,,,2.1709486015040924,
72355003,,,,,,,,,1.8699828724156167,,3.9429797420017723,,,
92790137,,,9.507551519067913,,4.407851115786574,,,,,,,,,
97775752,,,,,,,,,2.4963204237679135,,,,,
10550033,,,,,,,,,1.7398568274351485,,,,,
55540040,,,,,,,,,2.995097918841433,,,,,
71435007,,,,,3.2410650664738454,,,,,,,,2.259514626757547,
51540044,,,,,2.8317974045101546,,,,,,,,,
10570057,,,,,,,,,2.154427411119695,,,,,
65330001,6.329545002616163,,8.489934361163808,,,,,,,,,,,
34550015,,,,,,,,,1.9152587902285525,,4.295024668165055,,,
34530012,,,7.1177336689751245,,,,,,,,,,,
96730141,6.147512177718576,,,,,,,,,,,,,
10585888,,,3.5400388529749756,,3.217404859063305,,,,,,,,,
83170151,,,9.398110564548332,,,,,,,,,,,
64330003,,,,,3.3064661962049584,,,,,,,,1.7575495580897709,
145245128,2.332425001090022,,,,,,,,,,,,,
130755554,,,8.865249064282771,,,,4.709695343733968,,2.652540767598248,,,,,
146260610,,,,,,,,,1.752454766340326,,,,,
130735359,4.209180430954638,,,,,,,,2.9389886221516157,,,,,
130720091,,,2.928964871196499,,,,,,,,,,,
146285209,3.9759423240687335,,,,,,,,,,4.309116705915189,,,
81190093,,,,,,,,,1.7366159760402973,,,,,
146280050,6.090729853430289,,,,,,,,,,,,,
83165002,4.32056865376795,,,,,,,,3.1619084375282114,,6.315015755169675,,,
66310008,,,3.428430230071344,,,,,,,,,,,
150885051,,,,,3.410096292081283,,,,,,,,,
57660052,,,,,2.7807037949697717,,,,,,,,,
81255011,,,,,,,,,,,3.1987684764497057,,,
130735356,,,,,4.357802940079273,,,,,,,,,
91800125,,,6.1966544031425075,,,,,,,,,,1.9916877602421936,
150870220,,,,,,,,,2.480556579704751,,,,,
82155005,,,,,2.726268389020939,,,,,,,,,
147300070,3.6377268039689716,,,,,,,,,,,,,
31570007,3.8178558313055135,,,,,,,,,,,,,
64330005,,,3.5200895349979406,,3.0968300383845375,,,,,,,,,
93745325,,,8.389330884977962,,3.7579460927037975,,,,,,,,2.4530351200838663,
130715162,,,,,3.8452266659801744,,,,3.172767426437135,,,,,
92745227,,,9.47506137498693,,3.8738944596699687,,,,3.3949745037106114,,6.904562399135076,,,
84170025,,,,,,,,,2.8813511504874283,,,,,
146280160,,,2.592772941350878,,,,,,,,,,,
84150091,,,8.580768814317064,,,,,,,,,,,
147305601,,,,,,,,,2.3068008545201875,,,,,
145215103,,,,,,,,,,,3.757784662840241,,,
33510024,,,9.660439304825779,,,,,,,,,,,
150860140,,,,,,,,,3.2033692946374184,,,,,
91820114,,,,,,,,,2.4424161066009553,,,,,
82155004,,,6.197906086091419,,3.23881715779075,,,,2.4487093128912454,,,,,
73355009,,,6.084030588723329,,,,,,2.3979292972826234,,,,,
32545406,3.3715735656180956,,,,,,,,2.4357828089214864,,,,,
65320008,,,,,3.9964076157031054,,,,,,,,,
34625402,,,,,4.638335893216158,,,,,,,,,
34550020,,,,,,,,,2.7617998252431373,,,,,
34610006,2.882096082555828,,4.694774551296408,,,,,,,,,,,
51700052,6.085467493573545,,,,,,,,,,4.880079579896476,,2.7908393134594873,
120610444,,,,,,,2.633451285778511,,,,,,,
34570021,,,8.92769982962892,,,,,,,,,,,
147300340,,,,,,,,,,,,,2.391148418405903,
81255013,,,,,,,,,,,4.6954271882965815,,,
160720023,5.968376594594487,,,,,,,,,,,,,
91735108,,,7.922258219923511,,,,,,,,,,,
55660020,,,,,,,5.60384423636146,,,,6.288686234236807,,,
32540002,4.257652943628935,,,,,,,,2.1926675784197127,,,,,
130725260,,,,,,,2.6247568283855873,,,,3.596681744777258,,,
81265003,6.442783342424282,,9.061703792004508,,,1.3862943611198906,,,,,,,,
120675701,,5.074919306228654,,,,,,,,,,,,
146270010,,,,,,,,,1.9467561960901403,,,,,
71345001,,,,,,,,,2.1920974066249146,,,,,
146250430,,,,,,,,,,,3.2984637108299464,,,
150845054,,,,,,,,,,,,,2.4398819146459525,
73395008,,,4.3878520833349075,,,,,,1.9379692911825526,,,,,
100460115,,,,,,,,,,,,,2.3927486528602318,
130715152,,,,,,,,,2.675624493584058,,,,,
51540020,6.426108705515034,,,,,,,,,,,,,
84150093,,,,,,,,,2.52378478878224,,,,,
96780174,,,2.8179168402703194,,,,,,,,,,,
82260063,,,3.266074494629402,,,,,,,,,,,
65340021,,,3.5859489516680982,,,,,,1.7304332489884224,,,,,
130755557,6.400098974319323,,,,,,,,,,,,,
160675050,6.091461910306075,,,,,,,,,,,,,
120605006,,,,,,,,,,,,,2.5409327753179256,
83155014,,,3.185322804385408,,,,,,,,,,,
53700024,,,,,3.1622030393961302,,,,,,,,,
84365009,,,,,,,,,2.1064641287250456,,,,,
150910241,,,,,,,,,2.559621754857094,,,,,
91860113,,,,,,,,,,,,,1.714211472937234,
146285230,,,,,3.2770220949011346,,,,2.577070935722728,,5.043307116579398,,,
130755552,,,,,,,,,,,,,2.5927744522224363,
10555591,,,,,3.1892619689162953,,,,,,,,1.6721887512959577,
93765343,,,,,4.214336796807022,,,,,,,,,
83255007,,,8.579813142255885,,,,,,,,,,,
93755332,,,,,,,,,2.835497966680601,,,,2.3859397387446597,
146270100,,,,,3.641824818730163,,,,,,,,,
145240120,,,,,3.436044142267159,,,,,,,,,
72320018,4.413873453480667,,,,,,,,,,,,,
150910160,5.568849084697923,,,,4.431373957276606,,,,,,,,,
81365008,,,,,,,,,2.3235596229290767,,,,,
160635057,,,,,,,,,2.1481098739375173,,,,,
81270075,,,9.03083884691554,,3.878230789757655,,,,,,,,,
