,commuting_no_car,business_no_car,education_no_car,buy/execute_no_car,leisure_no_car,accompany_no_car,commuting_car,business_car,education_car,buy/execute_car,leisure_car,accompany_car
ASC_1,3.170308006009104,-0.46542855398758626,0.9457332939848995,1.480037999633268,0.8938954386427703,0.5672787755153569,1.0113733254570354,0.35592808849578095,0.1775741766519111,0.6583654563945731,0.6529680066200797,0.15403746560156903
b_acc,-0.39835943924057104,0.12775141424843858,-0.10196542343623816,-0.0700506454049696,0.059122934327133385,-0.039956507626489716,-0.04044926454702671,-0.030297913038843965,-0.03529013577773321,0.019187802365952283,0.08447461479718905,-0.006914328045583428
b_attr,0.6819084619374103,0.7325617374416776,0.8423624564518324,0.8765451337684903,0.756085345782351,0.8746525031394179,0.3207560248512546,0.32673928241285777,0.6886115717247334,0.6775677224257473,0.5906823180589247,0.688624516820355
b_pop,-0.4856461472181238,-0.5645222096253514,-0.5061682333749468,-0.5310778118969367,-0.3375163253100495,-0.557308427849468,-0.17231075014034014,-0.19176909411461054,-0.4023684380934265,-0.3864372809525641,-0.231405969646732,-0.4210155502519393
