RegioStaR7,accompany_no_car,accompany_car,business_no_car,business_car,buy/execute_no_car,buy/execute_car,commuting_no_car,commuting_car,education_no_car,education_car,leisure_no_car,leisure_car
71,0.7972972972972973,0.8079034028540066,0.782608695652174,0.702386998476384,0.908824963432472,0.7996676780812021,0.859553620032662,0.7404242174629324,0.8661202185792349,0.8533627342888643,0.7982081911262798,0.7200353174895151
72,0.6216216216216216,0.7384203480589022,0.7448979591836735,0.5823529411764706,0.8333333333333334,0.7479827089337175,0.625,0.5968008124920655,0.8309859154929577,0.8092701118806607,0.7026759167492567,0.6613669890181937
73,0.6382978723404256,0.5093381389252949,0.5074626865671642,0.4096787651230705,0.5251937984496124,0.5219201759899434,0.2590909090909091,0.2800778617953133,0.2727272727272727,0.46529639559130176,0.4332425068119891,0.4372340998438257
74,0.4331892377514839,0.48361823361823364,0.3998669886936774,0.378839590443686,0.35714285714285715,0.47963648603163916,0.3333333333333333,0.26329699372315823,0.3998669886936775,0.45063025210084034,0.25,0.4020391292367043
75,0.625,0.7778643803585347,0.5263157894736842,0.6074950690335306,0.8901734104046243,0.7842209072978303,0.6595744680851063,0.6301084236864053,0.5,0.806049822064057,0.7807017543859649,0.6688362405623536
76,0.6923076923076923,0.6489569752281616,0.875,0.4790365744870651,0.5793103448275863,0.6418859119800466,0.5102040816326531,0.45144182963208485,0.5547947222612226,0.6225382932166302,0.4948453608247423,0.5620096029980092
77,0.46827775792563764,0.5465116279069767,0.5,0.4861111111111111,0.5591397849462365,0.5161798697205295,0.2631578947368421,0.36567629337211716,0.6666666666666666,0.5311816192560175,0.6904761904761905,0.49423203691496376
