,commuting_no_car,business_no_car,education_no_car,buy/execute_no_car,leisure_no_car,accompany_no_car,commuting_car,business_car,education_car,buy/execute_car,leisure_car,accompany_car
ASC_1,5.89170396158582,0.45367315165166805,1.9883053235959602,2.437566193248654,0.9859178601928048,1.7794710712490664,14.111793868515333,1.8703212774423164,1.4154315150132084,8.39312094849937,3.862971552546294,2.0971177657874076
b_acc,5.501153193886568,0.7539867548272929,3.2502291947780524,0.9983635865376906,0.38385577399899107,2.6603332456281223,12.315124628545107,0.7450478281560827,2.7403914054415823,2.237391763571505,2.9344039404667424,1.0760657420069664
b_attr,19.52955976235285,21.43125737992834,23.296413986017292,24.468075196232057,23.93280732886187,23.732363353485823,60.32557178430843,61.83884648083868,78.51653983868293,80.93311581200771,74.3781276867178,80.38568880437327
b_pop,8.855806536095814,10.434539099793815,10.187654000433696,10.980766411019733,8.067073168054527,11.01143266105392,20.044220347128856,22.166324584928063,43.64312786443773,43.24495675160511,29.911462971396197,45.170103082940464
