,commuting_no_car,business_no_car,education_no_car,buy/execute_no_car,leisure_no_car,accompany_no_car,commuting_car,business_car,education_car,buy/execute_car,leisure_car,accompany_car
ASC_1,20.34837520507086,2.727938414428801,1.9215666772082647,4.720639343508812,7.90374488044458,2.0055899443436886,46.006074815191305,20.734831596674574,1.0482635540771625,6.8489500980629066,7.953767026665815,2.502105330905558
b_acc,4.578072063132137,2.905068815502002,3.6935913593313314,2.173326403879269,4.653639399095244,2.9133957192425872,6.102866241191475,4.300422839074718,2.9770949285657236,0.5566490206422965,1.0383952378797185,1.4613949698209001
b_attr,22.697384450288357,26.245459099906476,23.0743163550802,23.55932112252521,21.192260074140613,23.707366806990894,80.99121967521353,82.24932915831958,78.50952307282311,80.46680166041212,74.11294038053737,80.33041755148716
b_pop,10.743131411349465,12.705102809407585,9.912704330331454,10.274688074005134,6.029249325806108,10.821976471502659,48.7019729281023,51.330998220736404,43.526249075097354,42.2438498348201,29.627895183562973,45.04705895596027
