,commuting_no_car,business_no_car,education_no_car,buy/execute_no_car,leisure_no_car,accompany_no_car,commuting_car,business_car,education_car,buy/execute_car,leisure_car,accompany_car
ASC_1,0.2501075877101152,2.0834597591128943,5.206964198834344,1.057919174691929,7.320128752550083,1.8711836056413533,13.950049589400507,3.6562804005905165,3.4226886821507168,8.259553628360178,7.586006248171706,3.387028527502172
b_acc,0.17026337832973748,2.4526389845745205,4.783838659635229,2.985579731396677,4.13071748291954,2.6889033128905595,12.12432999517762,2.620634924284826,4.534189169413507,0.21262841019367754,2.176624566171217,2.5615679240440596
b_attr,20.721808962206133,21.546627726226884,26.60952680073906,26.120001094022275,21.440743812690876,23.756882330528335,60.335767686359986,61.88079639583432,78.32598671950923,80.58936131972997,73.66260364958147,80.19537048066928
b_pop,10.463018276564101,10.030660415320574,11.29125129169452,12.240503126212399,6.402001203080365,10.978910485563224,20.149552218376982,22.622858532484745,43.10829495519758,42.528122131593946,29.069818760204594,44.65869227045869
